Workbook

Sheet Training Results
A1: Training 1 - OCSVM | N1: Training 2 - SVM
A2: Serial | B2: Rank | C2: Name | D2: Density | E2: PLD | F2: LCD | G2: GSA | H2: Void_Fraction | I2: Pore_Volume | J2: ocsvm_score | K2: ocsvm_label | N2: Serial | O2: Rank | P2: PrevRank | Q2: Name | R2: Density | S2: PLD | T2: LCD | U2: GSA | V2: Void_Fraction | W2: Pore_Volume | X2: Label | Y2: svm_score | Z2: svm_label
A3: 18 | B3: 1 | C3: ZIF-7 | D3: 1.44353 | E3: 3.12929 | F3: 4.34999 | G3: 3930.34 | H3: 0.444385 | I3: 0.307846 | J3: 0.174089 | K3: 1 | N3: 5 | O3: 1 | P3: =MATCH(Q3,$C$3:$C$25,) -> 11 | Q3: UiO-67-F2 | R3: 0.86177 | S3: 6.64219 | T3: 12.83075 | U3: 3058.54 | V3: 0.72311 | W3: 0.839102 | X3: 1 | Y3: 1.428156 | Z3: 1
A4: 15 | B4: 2 | C4: MIL-101(Cr)-NH2 | D4: 1.86975 | E4: 1.16138 | F4: 2.33487 | G4: 4245.26 | H4: 0.36322 | I4: 0.194262 | J4: 0.167245 | K4: 1 | N4: 9 | O4: 2 | P4: =MATCH(Q4,$C$3:$C$25,) -> 9 | Q4: DUT-67 | R4: 1.02671 | S4: 6.62955 | T4: 14.50667 | U4: 2708.09 | V4: 0.699795 | W4: 0.681588 | X4: 1 | Y4: 1.421165 | Z4: 1
A5: 12 | B5: 3 | C5: MIL-96(Al) | D5: 1.15105 | E5: 3.62904 | F5: 8.33017 | G5: 3579.42 | H5: 0.559655 | I5: 0.486214 | J5: 0.157188 | K5: 1 | N5: 31 | O5: 3 | P5: =MATCH(Q5,$C$3:$C$25,) -> #N/A | Q5: 2021[Eu][fcu]3[ASR]2 | R5: 0.789282 | S5: 7.21484 | T5: 14.75035 | U5: 3040.2 | V5: 0.7609 | W5: 0.964041 | X5: 1 | Y5: 1.392622 | Z5: 1
A6: 8 | B6: 4 | C6: PCN-1002 | D6: 1.26921 | E6: 2.05535 | F6: 7.4209 | G6: 3526.25 | H6: 0.52374 | I6: 0.41265 | J6: 0.149558 | K6: 1 | N6: 16 | O6: 4 | P6: =MATCH(Q6,$C$3:$C$25,) -> 18 | Q6: MIL-100 (Fe) | R6: 0.75909 | S6: 8.84616 | T6: 27.76155 | U6: 3270.98 | V6: 0.740035 | W6: 0.974893 | X6: 1 | Y6: 1.311893 | Z6: 1
A7: 1 | B7: 5 | C7: UiO-66 | D7: 1.23478 | E7: 3.82175 | F7: 8.70307 | G7: 2920.55 | H7: 0.590055 | I7: 0.477861 | J7: 0.130723 | K7: 1 | N7: 1 | O7: 5 | P7: =MATCH(Q7,$C$3:$C$25,) -> 5 | Q7: UiO-66 | R7: 1.23478 | S7: 3.82175 | T7: 8.70307 | U7: 2920.55 | V7: 0.590055 | W7: 0.477861 | X7: 1 | Y7: 1.271361 | Z7: 1
A8: 23 | B8: 6 | C8: Ce-BTC | D8: 1.28067 | E8: 6.39825 | F8: 6.62027 | G8: 3272.51 | H8: 0.569755 | I8: 0.44489 | J8: 0.112964 | K8: 1 | N8: 4 | O8: 6 | P8: =MATCH(Q8,$C$3:$C$25,) -> 14 | Q8: UiO-67 | R8: 0.72259 | S8: 6.73387 | T8: 12.96894 | U8: 3474.86 | V8: 0.739285 | W8: 1.02311 | X8: 1 | Y8: 1.260892 | Z8: 1
A9: 3 | B9: 7 | C9: UiO-66-F4 | D9: 1.6404 | E9: 1.08214 | F9: 2.71819 | G9: 4812.39 | H9: 0.281035 | I9: 0.171321 | J9: 0.108609 | K9: 1 | N9: 13 | O9: 7 | P9: =MATCH(Q9,$C$3:$C$25,) -> 12 | Q9: MIL-100(Al) | R9: 0.67864 | S9: 8.49713 | T9: 27.80996 | U9: 3593.18 | V9: 0.73762 | W9: 1.08691 | X9: 1 | Y9: 1.233725 | Z9: 1
A10: 11 | B10: 8 | C10: MIL-53(Al)-as | D10: 1.00403 | E10: 5.95247 | F10: 6.51942 | G10: 3990.86 | H10: 0.58939 | I10: 0.587024 | J10: 0.093254 | K10: 1 | N10: 6 | O10: 8 | P10: =MATCH(Q10,$C$3:$C$25,) -> 20 | Q10: MOF-808 | R10: 1.2841 | S10: 10.09089 | T10: 15.63835 | U10: 2178.08 | V10: 0.62626 | W10: 0.487702 | X10: 1 | Y10: 1.120423 | Z10: 1
A11: 9 | B11: 9 | C11: DUT-67 | D11: 1.02671 | E11: 6.62955 | F11: 14.50667 | G11: 2708.09 | H11: 0.699795 | I11: 0.681588 | J11: 0.077175 | K11: 1 | N11: 7 | O11: 9 | P11: =MATCH(Q11,$C$3:$C$25,) -> 19 | Q11: PCN-999 | R11: 0.58974 | S11: 18.48015 | T11: 19.43968 | U11: 3429.84 | V11: 0.792225 | W11: 1.34336 | X11: 1 | Y11: 1.043442 | Z11: 1
A12: 21 | B12: 10 | C12: HKUST-1 | D12: 0.94885 | E12: 5.21063 | F12: 11.11888 | G12: 3706.74 | H12: 0.68734 | I12: 0.72439 | J12: 0.07033 | K12: 1 | N12: 2 | O12: 10 | P12: =MATCH(Q12,$C$3:$C$25,) -> 13 | Q12: UiO-66-NH2 | R12: 2.02273 | S12: 1.27596 | T12: 7.33306 | U12: 2383.43 | V12: 0.41685 | W12: 0.206083 | X12: 1 | Y12: 1.000167 | Z12: 1
A13: 5 | B13: 11 | C13: UiO-67-F2 | D13: 0.86177 | E13: 6.64219 | F13: 12.83075 | G13: 3058.54 | H13: 0.72311 | I13: 0.839102 | J13: 0.046109 | K13: 1 | N13: 21 | O13: 11 | P13: =MATCH(Q13,$C$3:$C$25,) -> 10 | Q13: HKUST-1 | R13: 0.94885 | S13: 5.21063 | T13: 11.11888 | U13: 3706.74 | V13: 0.68734 | W13: 0.72439 | X13: 1 | Y13: 0.999768 | Z13: 1
A14: 13 | B14: 12 | C14: MIL-100(Al) | D14: 0.67864 | E14: 8.49713 | F14: 27.80996 | G14: 3593.18 | H14: 0.73762 | I14: 1.08691 | J14: 0.009711 | K14: 1 | N14: 23 | O14: 12 | P14: =MATCH(Q14,$C$3:$C$25,) -> 6 | Q14: Ce-BTC | R14: 1.28067 | S14: 6.39825 | T14: 6.62027 | U14: 3272.51 | V14: 0.569755 | W14: 0.44489 | X14: 1 | Y14: 0.969245 | Z14: 1
... A25: 19 | B25: 23 | C25: ZIF-8 | D25: 0.9165 | E25: 3.57948 | F25: 11.98309 | G25: 4995.87 | H25: 0.63599 | I25: 0.693935 | J25: -0.000417 | K25: -1 | N25: 22 | O25: 23 | P25: =MATCH(Q25,$C$3:$C$25,) -> 15 | Q25: Mn-BTC | R25: 1.86613 | S25: 0.62125 | T25: 1.49706 | U25: 4111.54 | V25: 0.186605 | W25: 0.099996 | X25: 1 | Y25: -0.637305 | Z25: 0
N26: 3 | O26: 24 | P26: =MATCH(Q26,$C$3:$C$25,) -> 7 | Q26: UiO-66-F4 | R26: 1.6404 | S26: 1.08214 | T26: 2.71819 | U26: 4812.39 | V26: 0.281035 | W26: 0.171321 | X26: 1 | Y26: -0.957489 | Z26: 0
N27: 29 | O27: 25 | P27: =MATCH(Q27,$C$3:$C$25,) -> #N/A | Q27: 2018[Co][flu]3[ASR]1 | R27: 1.35477 | S27: 2.80323 | T27: 4.4469 | U27: 4347.99 | V27: 0.4299 | W27: 0.317323 | X27: 0 | Y27: -0.985341 | Z27: 0
N28: 28 | O28: 26 | P28: =MATCH(Q28,$C$3:$C$25,) -> #N/A | Q28: 2015[Pr][hcb]2[ASR]1 | R28: 1.51409 | S28: 2.32829 | T28: 4.47729 | U28: 4280.67 | V28: 0.4114 | W28: 0.271715 | X28: 0 | Y28: -0.997498 | Z28: 0
N29: 33 | O29: 27 | P29: =MATCH(Q29,$C$3:$C$25,) -> #N/A | Q29: 2015[Zr][ftw]3[ASR]3 | R29: 0.291153 | S29: 10.49686 | T29: 25.25819 | U29: 4624.66 | V29: 0.8722 | W29: 2.99568 | X29: 0 | Y29: -0.999638 | Z29: 0
N30: 35 | O30: 28 | P30: =MATCH(Q30,$C$3:$C$25,) -> #N/A | Q30: 2020[Fe][hcb]2[ASR]2 | R30: 0.175207 | S30: 15.58313 | T30: 22.94791 | U30: 4287.68 | V30: 0.9308 | W30: 5.31257 | X30: 0 | Y30: -0.999701 | Z30: 0
N31: 26 | O31: 29 | P31: =MATCH(Q31,$C$3:$C$25,) -> #N/A | Q31: 2022[Co][gra]3[ASR]1 | R31: 1.29727 | S31: 2.17637 | T31: 5.07114 | U31: 4526.67 | V31: 0.4473 | W31: 0.3448 | X31: 0 | Y31: -1.000142 | Z31: 0
N32: 34 | O32: 30 | P32: =MATCH(Q32,$C$3:$C$25,) -> #N/A | Q32: 2016[Mg][stp]3[ASR]2 | R32: 0.284192 | S32: 26.5894 | T32: 28.05599 | U32: 4801.7 | V32: 0.8755 | W32: 3.08066 | X32: 0 | Y32: -1.000142 | Z32: 0
N33: 25 | O33: 31 | P33: =MATCH(Q33,$C$3:$C$25,) -> #N/A | Q33: 2008[Co][sql]2[ASR]1 | R33: 1.5197 | S33: 2.42717 | T33: 4.78145 | U33: 4256.24 | V33: 0.3961 | W33: 0.260643 | X33: 0 | Y33: -1.00031 | Z33: 0
N34: 30 | O34: 32 | P34: =MATCH(Q34,$C$3:$C$25,) -> #N/A | Q34: 2023[Zn][nan]3[ASR]12 | R34: 1.49396 | S34: 3.25741 | T34: 4.90141 | U34: 4405.24 | V34: 0.4139 | W34: 0.277049 | X34: 0 | Y34: -1.031774 | Z34: 0
N35: 15 | O35: 33 | P35: =MATCH(Q35,$C$3:$C$25,) -> 2 | Q35: MIL-101(Cr)-NH2 | R35: 1.86975 | S35: 1.16138 | T35: 2.33487 | U35: 4245.26 | V35: 0.36322 | W35: 0.194262 | X35: 1 | Y35: -1.050868 | Z35: 0
N36: 27 | O36: 34 | P36: =MATCH(Q36,$C$3:$C$25,) -> #N/A | Q36: 2024[Cu][pcu]3[ASR]2 | R36: 1.42371 | S36: 2.33203 | T36: 4.03129 | U36: 4418.23 | V36: 0.4097 | W36: 0.287768 | X36: 0 | Y36: -1.075044 | Z36: 0
N37: 24 | O37: 35 | P37: =MATCH(Q37,$C$3:$C$25,) -> #N/A | Q37: 2023[Zn][nan]3[ASR]13 | R37: 1.51073 | S37: 2.30931 | T37: 4.46718 | U37: 4462.1 | V37: 0.4088 | W37: 0.270597 | X37: 0 | Y37: -1.085573 | Z37: 0
B42: Serial | C42: Name | D42: Density | E42: PLD | F42: LCD | G42: GSA | H42: Void_Fraction | I42: Pore_Volume | J42: EnergyScore | K42: svr_score
B43: 1 | C43: 2022[Zr][lvt]3[ASR]1 | D43: 1.07 | E43: 6.93 | F43: 9.83 | G43: 2836.58 | H43: 0.67 | I43: 0.63 | J43: 0.379936 | K43: 0.398546
B44: 2 | C44: 2020[Zn][nan]3[ASR]16 | D44: 1.21 | E44: 11.01 | F44: 11.72 | G44: 2699.02 | H44: 0.67 | I44: 0.55 | J44: 0.347601 | K44: 0.443871
B45: 3 | C45: 2023[La][pts]3[ASR]1 | D45: 1.21 | E45: 7.5 | F45: 8.09 | G45: 3001.63 | H45: 0.62 | I45: 0.51 | J45: 0.551153 | K45: 0.380829
B46: 4 | C46: 2017[Co][nan]3[ASR]5 | D46: 1.38 | E46: 5.76 | F46: 7.7 | G46: 2945.36 | H46: 0.56 | I46: 0.41 | J46: 0.228956 | K46: 0.33216
B47: 5 | C47: 2018[Ce][csq]3[ASR]1 | D47: 0.56 | E47: 17.74 | F47: 23.52 | G47: 3476.89 | H47: 0.81 | I47: 1.44 | J47: 0.332494 | K47: 0.328129
B48: 6 | C48: ic6b02413_si_002_2_FSR_pacman | D48: 0.989594 | E48: 5.93433 | F48: 13.64653 | G48: 2799.06 | H48: 0.70388 | I48: 0.711282 | J48: 0.516035 | K48: 0.428454
B49: 7 | C49: ic6b02413_si_002_2_ASR_pacman | D49: 0.989594 | E49: 5.93433 | F49: 13.64653 | G49: 2799.06 | H49: 0.70388 | I49: 0.711282 | J49: 0.528492 | K49: 0.428454
B50: 8 | C50: ja510525s_si_002_FSR_pacman | D50: 1.08186 | E50: 5.07236 | F50: 12.04251 | G50: 2832.29 | H50: 0.67468 | I50: 0.623629 | J50: 0.743175 | K50: 0.424146
B51: 9 | C51: ja510525s_si_002_ASR_pacman | D51: 1.08186 | E51: 5.07236 | F51: 12.04251 | G51: 2832.29 | H51: 0.67468 | I51: 0.623629 | J51: 0.741055 | K51: 0.424146
B52: 10 | C52: jp8b09178_si_007_FSR_pacman | D52: 0.487583 | E52: 28.06898 | F52: 29.87417 | G52: 3411.27 | H52: 0.8299 | I52: 1.70207 | J52: 0.310761 | K52: 0.410741
B53: 11 | C53: jp8b09178_si_007_ASR_pacman | D53: 0.487583 | E53: 28.06898 | F53: 29.87417 | G53: 3411.27 | H53: 0.8299 | I53: 1.70207 | J53: 0.424331 | K53: 0.410741
B54: 12 | C54: ja8b12530_si_001_3_FSR_pacman | D54: 0.534284 | E54: 29.3367 | F54: 30.79071 | G54: 3455.04 | H54: 0.80936 | I54: 1.51485 | J54: 0.366287 | K54: 0.431288
... B72: 30 | C72: 2017[In][kgd]2[ION]1 | D72: 1.49968 | E72: 3.11886 | F72: 4.87876 | G72: 4467.34 | H72: 0.38342 | I72: 0.255668 | J72: 0 | K72: 0.085558

Sheet Sheet2

Sheet coremof_BatchA
F1: =MAX(F3:F1374) -> 0.7190335 | P1: Simulations | U1: Stage 2 - Results
A2: Serial | B2: Name | C2: OCSVM (nu=0.15) | D2: OCSVM+ SVM | E2: SVM (C=1.0) | F2: SVR (C=1.0) | G2: Metal | H2: Topology | I2: Density | J2: PLD | K2: LCD | L2: GSA | M2: Void_Fraction | N2: Pore_Volume | O2: UnitCell_MW_g_mol | P2: Stage 1 recommendation | Q2: Stage 1 Result | R2: Stage 2 - Recom | S2: MetalNum | U2: min (energy) | V2: max (energy) | W2: center of range | X2: goodness coefficient (normalized by the center of the best range)
A3: 328 | B3: 2017[Co][nan]3[ASR]5 | C3: 0.1068212 | D3: =C3*10+E3 -> 2.2835004 | E3: 1.2152885 | F3: 0.33194 | G3: Co | H3: nan | I3: 1.38138 | J3: 5.76311 | K3: 7.69686 | L3: 2945.36 | M3: 0.5597 | N3: 0.405175 | O3: 1103.976 | R3: Recommend | S3: =FIND("]",B3) -> 8 | U3: -8.931 | V3: -8.346 | W3: =U3+(V3-U3)/2 -> -8.6385 | X3: =W3/(-37.73) -> 0.22895574
A4: 707 | B4: 2019[Ni][nan]3[ASR]2 | C4: 0.12904324 | D4: =C4*10+E4 -> 2.2713799 | E4: 0.98094754 | F4: 0.33106139 | G4: Ni | H4: nan | I4: 1.42689 | J4: 3.85272 | K4: 9.29282 | L4: 3157.26 | M4: 0.5376 | N4: 0.376763 | O4: 2241.312 | S4: =FIND("]",B4) -> 8
A5: 190 | B5: 2015[Zr][fcu]3[ASR]1 | C5: 0.098885547 | D5: =C5*10+E5 -> 2.2397029 | E5: 1.2508474 | F5: 0.35678375 | G5: Zr | H5: fcu | I5: 1.22102 | J5: 4.07165 | K5: 8.57883 | L5: 2985.21 | M5: 0.594 | N5: 0.486477 | O5: 1664.064 | S5: =FIND("]",B5) -> 8
A6: 826 | B6: 2020[Co][nan]3[ASR]11 | C6: 0.10381094 | D6: =C6*10+E6 -> 2.1631731 | E6: 1.1250637 | F6: 0.29143166 | G6: Co | H6: nan | I6: 1.39318 | J6: 5.51288 | K6: 6.79448 | L6: 2946.85 | M6: 0.5325 | N6: 0.382219 | O6: 1062.074 | S6: =FIND("]",B6) -> 8
A7: 827 | B7: 2020[Co][nan]3[ASR]12 | C7: 0.10225429 | D7: =C7*10+E7 -> 2.159406 | E7: 1.1368632 | F7: 0.29549135 | G7: Co | H7: nan | I7: 1.37675 | J7: 5.54203 | K7: 6.76639 | L7: 2950.25 | M7: 0.5381 | N7: 0.390847 | O7: 1062.074 | S7: =FIND("]",B7) -> 8
A8: 246 | B8: 2016[Cu][nan]3[ASR]4 | C8: 0.083382933 | D8: =C8*10+E8 -> 2.1587528 | E8: 1.3249234 | F8: 0.39620449 | G8: Cu | H8: nan | I8: 1.39796 | J8: 6.61688 | K8: 9.02855 | L8: 3059.44 | M8: 0.6292 | N8: 0.450085 | O8: 8529.528 | S8: =FIND("]",B8) -> 8
A9: 1009 | B9: 2020[Zr][hex]3[ASR]1 | C9: 0.077750356 | D9: =C9*10+E9 -> 2.149671 | E9: 1.3721674 | F9: 0.38369896 | G9: Zr | H9: hex | I9: 1.10193 | J9: 5.53626 | K9: 8.89938 | L9: 2956.61 | M9: 0.6386 | N9: 0.579527 | O9: 3320.064 | S9: =FIND("]",B9) -> 8
A10: 1215 | B10: 2022[Zr][she]3[ASR]1 | C10: 0.094725733 | D10: =C10*10+E10 -> 2.1496642 | E10: 1.2024069 | F10: 0.36297044 | G10: Zr | H10: she | I10: 0.533204 | J10: 16.86206 | K10: 28.48033 | L10: 3338.07 | M10: 0.8174 | N10: 1.533 | O10: 13546.512 | S10: =FIND("]",B10) -> 8
A11: 247 | B11: 2016[Cu][nan]3[ASR]5 | C11: 0.081801847 | D11: =C11*10+E11 -> 2.1427928 | E11: 1.3247744 | F11: 0.39755707 | G11: Cu | H11: nan | I11: 1.40015 | J11: 6.66192 | K11: 9.05479 | L11: 3068.52 | M11: 0.6314 | N11: 0.450951 | O11: 8529.528 | S11: =FIND("]",B11) -> 8
A12: 1274 | B12: 2023[Sm][pts]3[ASR]1 | C12: 0.085975677 | D12: =C12*10+E12 -> 2.1420473 | E12: 1.2822905 | F12: 0.32622887 | G12: Sm | H12: pts | I12: 1.42856 | J12: 6.2058 | K12: 7.01618 | L12: 2789.87 | M12: 0.5655 | N12: 0.395852 | O12: 592.388 | S12: =FIND("]",B12) -> 8
A13: 245 | B13: 2016[Cu][nan]3[ASR]3 | C13: 0.081435119 | D13: =C13*10+E13 -> 2.0776094 | E13: 1.2632582 | F13: 0.36881874 | G13: Cu | H13: nan | I13: 1.47307 | J13: 6.46579 | K13: 7.90968 | L13: 3048.2 | M13: 0.6068 | N13: 0.411928 | O13: 8529.528 | S13: =FIND("]",B13) -> 8
A14: 1016 | B14: 2020[Zr][sql]2[ASR]1 | C14: 0.090286862 | D14: =C14*10+E14 -> 2.0681924 | E14: 1.1653238 | F14: 0.3939236 | G14: Zr | H14: sql | I14: 1.07971 | J14: 6.2937 | K14: 9.09416 | L14: 3317.4 | M14: 0.6271 | N14: 0.580802 | O14: 3490.41 | S14: =FIND("]",B14) -> 8
A15: 1255 | B15: 2023[La][pts]3[ASR]1 | C15: 0.072164796 | D15: =C15*10+E15 -> 2.0488329 | E15: 1.3271849 | F15: 0.38093532 | G15: La | H15: pts | I15: 1.21149 | J15: 7.50315 | K15: 8.08695 | L15: 3001.63 | M15: 0.6208 | N15: 0.512427 | O15: 870.198 | R15: Recommend | S15: =FIND("]",B15) -> 8 | U15: -21.3 | V15: -20.29 | W15: =U15+(V15-U15)/2 -> -20.795 | X15: =W15/(-37.73) -> 0.55115293
A16: 154 | B16: 2015[Eu][nan]3[ASR]2 | C16: 0.11312711 | D16: =C16*10+E16 -> 2.040285 | E16: 0.90901383 | F16: 0.29494735 | G16: Eu | H16: nan | I16: 1.4765 | J16: 5.75162 | K16: 7.46222 | L16: 3184.96 | M16: 0.521 | N16: 0.352862 | O16: 1436.556 | S16: =FIND("]",B16) -> 8
A17: 269 | B17: 2016[Zn][fgl]3[ASR]1 | C17: 0.067549754 | D17: =C17*10+E17 -> 2.0378445 | E17: 1.362347 | F17: 0.41036656 | G17: Zn | H17: fgl | I17: 1.33966 | J17: 8.63635 | K17: 9.32756 | L17: 2951.3 | M17: 0.6255 | N17: 0.466909 | O17: 1949.148 | S17: =FIND("]",B17) -> 8
A18: 281 | B18: 2017[Ag][sqc]3[ASR]1 | C18: 0.063647239 | D18: =C18*10+E18 -> 2.0299102 | E18: 1.3934378 | F18: 0.41795172 | G18: Ag | H18: sqc | I18: 1.14094 | J18: 8.15582 | K18: 10.30618 | L18: 3098.2 | M18: 0.6714 | N18: 0.58846 | O18: 2017.8 | S18: =FIND("]",B18) -> 8
A19: 910 | B19: 2020[InTb][nan]3[ASR]1 | C19: 0.096683803 | D19: =C19*10+E19 -> 2.0284939 | E19: 1.0616559 | F19: 0.38434472 | G19: InTb | H19: nan | I19: 1.14162 | J19: 6.29302 | K19: 8.80596 | L19: 3370.99 | M19: 0.6087 | N19: 0.533189 | O19: 3130.976 | S19: =FIND("]",B19) -> 10
A20: 727 | B20: 2019[V][bpq]3[ASR]4 | C20: 0.096419587 | D20: =C20*10+E20 -> 2.0202057 | E20: 1.0560098 | F20: 0.31173574 | G20: V | H20: bpq | I20: 1.39001 | J20: 5.55808 | K20: 6.75373 | L20: 3132.25 | M20: 0.5612 | N20: 0.403737 | O20: 1239.812 | S20: =FIND("]",B20) -> 7
A21: 825 | B21: 2020[Co][nan]3[ASR]10 | C21: 0.1013791 | D21: =C21*10+E21 -> 2.0173448 | E21: 1.0035537 | F21: 0.24462644 | G21: Co | H21: nan | I21: 1.48421 | J21: 4.87145 | K21: 6.08066 | L21: 2962.37 | M21: 0.5027 | N21: 0.3387 | O21: 1062.074 | S21: =FIND("]",B21) -> 8
A22: 1191 | B22: 2022[Tb][nan]3[ASR]1 | C22: 0.086942881 | D22: =C22*10+E22 -> 2.0079218 | E22: 1.138493 | F22: 0.49139676 | G22: Tb | H22: nan | I22: 1.07791 | J22: 4.57498 | K22: 16.5065 | L22: 3494.27 | M22: 0.6423 | N22: 0.595878 | O22: 6902.478 | S22: =FIND("]",B22) -> 8
A23: 1214 | B23: 2022[Zr][lvt]3[ASR]1 | C23: 0.056268905 | D23: =C23*10+E23 -> 1.999099 | E23: 1.43641 | F23: 0.39806795 | G23: Zr | H23: lvt | I23: 1.0669 | J23: 6.93493 | K23: 9.83426 | L23: 2836.58 | M23: 0.6733 | N23: 0.631079 | O23: 5783.264 | R23: Recommend | S23: =FIND("]",B23) -> 8 | U23: -14.74 | V23: -13.93 | W23: =U23+(V23-U23)/2 -> -14.335 | X23: =W23/(-37.73) -> 0.37993639
A24: 325 | B24: 2017[Co][nan]3[ASR]2 | C24: 0.099985949 | D24: =C24*10+E24 -> 1.9939847 | E24: 0.99412526 | F24: 0.23700717 | G24: Co | H24: nan | I24: 1.51985 | J24: 4.766 | K24: 5.99534 | L24: 2947.57 | M24: 0.4968 | N24: 0.326873 | O24: 1066.106 | S24: =FIND("]",B24) -> 8
A25: 774 | B25: 2019[Zr][bcu]3[ASR]2 | C25: 0.05637206 | D25: =C25*10+E25 -> 1.9886496 | E25: 1.424929 | F25: 0.41916155 | G25: Zr | H25: bcu | I25: 0.952429 | J25: 8.95756 | K25: 11.33088 | L25: 3021.69 | M25: 0.685 | N25: 0.719214 | O25: 1532.04 | S25: =FIND("]",B25) -> 8
A26: 1018 | B26: 2021[Ag][nan]3[ASR]1 | C26: 0.068668003 | D26: =C26*10+E26 -> 1.9874152 | E26: 1.3007351 | F26: 0.42146508 | G26: Ag | H26: nan | I26: 1.38549 | J26: 8.74983 | K26: 9.77195 | L26: 3114.85 | M26: 0.6202 | N26: 0.44764 | O26: 1185.56 | S26: =FIND("]",B26) -> 8
A27: 621 | B27: 2019[Cu][gar]3[ASR]1 | C27: 0.089872901 | D27: =C27*10+E27 -> 1.9864367 | E27: 1.0877077 | F27: 0.37627042 | G27: Cu | H27: gar | I27: 1.25702 | J27: 5.79853 | K27: 8.37218 | L27: 3322.48 | M27: 0.6137 | N27: 0.488216 | O27: 11575.32 | S27: =FIND("]",B27) -> 8
A28: 280 | B28: 2017[Ag][sqc]2[ASR]1 | C28: 0.060389542 | D28: =C28*10+E28 -> 1.9849288 | E28: 1.3810334 | F28: 0.43102617 | G28: Ag | H28: sqc | I28: 1.11653 | J28: 9.25829 | K28: 10.88694 | L28: 3121.04 | M28: 0.6651 | N28: 0.595683 | O28: 1008.9 | S28: =FIND("]",B28) -> 8
A29: 672 | B29: 2019[In][bpq]3[ASR]2 | C29: 0.078954467 | D29: =C29*10+E29 -> 1.9793232 | E29: 1.1897785 | F29: 0.3324548 | G29: In | H29: bpq | I29: 1.41086 | J29: 6.08989 | K29: 6.68867 | L29: 3045.09 | M29: 0.5864 | N29: 0.415632 | O29: 2615.448 | S29: =FIND("]",B29) -> 8
A30: 1303 | B30: 2024[CeCu][nan]3[ASR]1 | C30: 0.079908537 | D30: =C30*10+E30 -> 1.9746144 | E30: 1.175529 | F30: 0.26319383 | G30: CeCu | H30: nan | I30: 1.75597 | J30: 4.93687 | K30: 6.13228 | L30: 2702.62 | M30: 0.5135 | N30: 0.29243 | O30: 857.154 | S30: =FIND("]",B30) -> 10
A31: 947 | B31: 2020[Tb][nan]3[ASR]2 | C31: 0.085433634 | D31: =C31*10+E31 -> 1.9742839 | E31: 1.1199476 | F31: 0.34694149 | G31: Tb | H31: nan | I31: 1.27052 | J31: 6.29629 | K31: 7.19811 | L31: 3188.06 | M31: 0.5911 | N31: 0.465242 | O31: 2910.846 | S31: =FIND("]",B31) -> 8
A32: 897 | B32: 2020[Fe][hcb]2[ASR]1 | C32: 0.090624472 | D32: =C32*10+E32 -> 1.9615539 | E32: 1.0553092 | F32: 0.36486031 | G32: Fe | H32: hcb | I32: 1.26567 | J32: 6.59237 | K32: 7.94542 | L32: 3301.94 | M32: 0.593 | N32: 0.468528 | O32: 3922.132 | S32: =FIND("]",B32) -> 8
A33: 1288 | B33: 2023[Zn][nan]3[ASR]17 | C33: 0.094287935 | D33: =C33*10+E33 -> 1.9511532 | E33: 1.0082738 | F33: 0.28556799 | G33: Zn | H33: nan | I33: 1.85614 | J33: 6.36678 | K33: 7.38612 | L33: 3005.45 | M33: 0.5005 | N33: 0.269646 | O33: 2132.352 | S33: =FIND("]",B33) -> 8
A34: 1334 | B34: 2024[Tb][sql]2[ASR]2 | C34: 0.10082589 | D34: =C34*10+E34 -> 1.9327672 | E34: 0.92450821 | F34: 0.29882097 | G34: Tb | H34: sql | I34: 1.54132 | J34: 5.68466 | K34: 6.89087 | L34: 3210.5 | M34: 0.5409 | N34: 0.350932 | O34: 1628.374 | S34: =FIND("]",B34) -> 8
A35: 1081 | B35: 2021[Eu][nan]3[ASR]2 | C35: 0.083740269 | D35: =C35*10+E35 -> 1.931992 | E35: 1.0945893 | F35: 0.35085831 | G35: Eu | H35: nan | I35: 1.43096 | J35: 7.74888 | K35: 7.87258 | L35: 3128.51 | M35: 0.5524 | N35: 0.386035 | O35: 3273.32 | S35: =FIND("]",B35) -> 8
... A51: 250 | B51: 2016[Ga][nan]3[ASR]1 | C51: 0.079016667 | D51: =C51*10+E51 -> 1.8904089 | E51: 1.1002422 | F51: 0.35071194 | G51: Ga | H51: nan | I51: 1.21033 | J51: 7.04653 | K51: 7.15937 | L51: 3216.11 | M51: 0.5872 | N51: 0.485156 | O51: 1440.92 | S51: =FIND("]",B51) -> 8
A52: 478 | B52: 2018[Ce][csq]3[ASR]1 | C52: 0.078899562 | D52: =C52*10+E52 -> 1.8878765 | E52: 1.0988809 | F52: 0.33038622 | G52: Ce | H52: csq | I52: 0.557854 | J52: 17.73807 | K52: 23.51979 | L52: 3476.89 | M52: 0.8053 | N52: 1.44357 | O52: 5452.68 | R52: Recommend | S52: =FIND("]",B52) -> 8 | U52: -12.64 | V52: -12.45 | W52: =U52+(V52-U52)/2 -> -12.545 | X52: =W52/(-37.73) -> 0.33249404
A53: 14 | B53: 0000[Cu][tbo]3[ASR]2 | C53: 0.051797266 | D53: =C53*10+E53 -> 1.8850913 | E53: 1.3671186 | F53: 0.41564142 | G53: Cu | H53: tbo | I53: 0.888494 | J53: 6.65523 | K53: 13.20142 | L53: 3310.85 | M53: 0.7192 | N53: 0.80946 | O53: 9677.952 | S53: =FIND("]",B53) -> 8
A54: 971 | B54: 2020[Zn][nan]2[ASR]2 | C54: 0.059934557 | D54: =C54*10+E54 -> 1.8843575 | E54: 1.2850119 | F54: 0.36125431 | G54: Zn | H54: nan | I54: 1.409 | J54: 6.28404 | K54: 7.16487 | L54: 3033.29 | M54: 0.6263 | N54: 0.4445 | O54: 1200.26 | S54: =FIND("]",B54) -> 8
A55: 885 | B55: 2020[Cu][tbo]3[ASR]4 | C55: 0.053058731 | D55: =C55*10+E55 -> 1.884207 | E55: 1.3536197 | F55: 0.41628538 | G55: Cu | H55: tbo | I55: 0.881994 | J55: 6.70666 | K55: 13.18109 | L55: 3342.28 | M55: 0.7176 | N55: 0.813611 | O55: 2419.488 | S55: =FIND("]",B55) -> 8
A56: 886 | B56: 2020[Cu][tbo]3[ASR]5 | C56: 0.05305798 | D56: =C56*10+E56 -> 1.8812102 | E56: 1.3506304 | F56: 0.41634536 | G56: Cu | H56: tbo | I56: 0.881994 | J56: 6.70666 | K56: 13.18109 | L56: 3349.02 | M56: 0.7176 | N56: 0.813611 | O56: 2419.488 | S56: =FIND("]",B56) -> 8
A57: 117 | B57: 2014[Cu][tbo]3[ASR]5 | C57: 0.051913702 | D57: =C57*10+E57 -> 1.8796448 | E57: 1.3605078 | F57: 0.41545934 | G57: Cu | H57: tbo | I57: 0.885 | J57: 6.71145 | K57: 13.18974 | L57: 3327.91 | M57: 0.7191 | N57: 0.812542 | O57: 9677.952 | S57: =FIND("]",B57) -> 8
A58: 1332 | B58: 2024[Sm][sql]2[ASR]1 | C58: 0.096152371 | D58: =C58*10+E58 -> 1.8768376 | E58: 0.91531388 | F58: 0.32729115 | G58: Sm | H58: sql | I58: 1.40987 | J58: 5.78192 | K58: 7.19965 | L58: 3318.33 | M58: 0.5681 | N58: 0.402946 | O58: 920.614 | S58: =FIND("]",B58) -> 8
A59: 1189 | B59: 2022[Sm][nan]3[ASR]1 | C59: 0.075768013 | D59: =C59*10+E59 -> 1.8736199 | E59: 1.1159398 | F59: 0.27102128 | G59: Sm | H59: nan | I59: 1.61459 | J59: 4.20194 | K59: 5.5841 | L59: 2931.7 | M59: 0.5526 | N59: 0.342254 | O59: 750.354 | S59: =FIND("]",B59) -> 8
A60: 776 | B60: 2019[Zr][bey]2[ASR]1 | C60: 0.1232021 | D60: =C60*10+E60 -> 1.8682489 | E60: 0.63622798 | F60: 0.23397278 | G60: Zr | H60: bey | I60: 1.47843 | J60: 3.48398 | K60: 7.06987 | L60: 3278.91 | M60: 0.495 | N60: 0.334815 | O60: 3204.118 | S60: =FIND("]",B60) -> 8
A61: 21 | B61: 0000[Lu][lcy]3[ASR]1 | C61: 0.044406508 | D61: =C61*10+E61 -> 1.8655084 | E61: 1.4214433 | F61: 0.40804671 | G61: Lu | H61: lcy | I61: 0.89958 | J61: 7.28263 | K61: 13.22023 | L61: 3152.69 | M61: 0.7283 | N61: 0.8096 | O61: 13758.368 | S61: =FIND("]",B61) -> 8
A62: 1317 | B62: 2024[Eu][sql]2[ASR]1 | C62: 0.1039706 | D62: =C62*10+E62 -> 1.8588132 | E62: 0.81910717 | F62: 0.30254821 | G62: Eu | H62: sql | I62: 1.49548 | J62: 5.74843 | K62: 7.1422 | L62: 3315.47 | M62: 0.5397 | N62: 0.360888 | O62: 1600.53 | S62: =FIND("]",B62) -> 8
A63: 118 | B63: 2014[Cu][tbo]3[ASR]6 | C63: 0.050268025 | D63: =C63*10+E63 -> 1.8562902 | E63: 1.3536099 | F63: 0.41404027 | G63: Cu | H63: tbo | I63: 0.878777 | J63: 6.78455 | K63: 13.20057 | L63: 3346.27 | M63: 0.7208 | N63: 0.820231 | O63: 9677.952 | S63: =FIND("]",B63) -> 8
A64: 883 | B64: 2020[Cu][tbo]3[ASR]2 | C64: 0.05040465 | D64: =C64*10+E64 -> 1.8540612 | E64: 1.3500147 | F64: 0.41435539 | G64: Cu | H64: tbo | I64: 0.878222 | J64: 6.75663 | K64: 13.21587 | L64: 3353.72 | M64: 0.7206 | N64: 0.820522 | O64: 2419.488 | S64: =FIND("]",B64) -> 8
... A153: 977 | B153: 2020[Zn][nan]3[ASR]14 | C153: 0.090306109 | D153: =C153*10+E153 -> 1.5599783 | E153: 0.65691717 | F153: 0.1694888 | G153: Zn | H153: nan | I153: 1.75109 | J153: 4.14032 | K153: 4.693 | L153: 3148.28 | M153: 0.4686 | N153: 0.267605 | O153: 1104.788 | S153: =FIND("]",B153) -> 8
A154: 979 | B154: 2020[Zn][nan]3[ASR]16 | C154: 0.02080372 | D154: =C154*10+E154 -> 1.5576572 | E154: 1.34962 | F154: 0.44386664 | G154: Zn | H154: nan | I154: 1.2148 | J154: 11.00713 | K154: 11.71958 | L154: 2699.02 | M154: 0.6697 | N154: 0.551283 | O154: 974.574 | R154: Recommend | S154: =FIND("]",B154) -> 8 | U154: -13.38 | V154: -12.85 | W154: =U154+(V154-U154)/2 -> -13.115 | X154: =W154/(-37.73) -> 0.34760138
A155: 263 | B155: 2016[Tb][fcu]3[ASR]1 | C155: 0.014313572 | D155: =C155*10+E155 -> 1.5521632 | E155: 1.4090275 | F155: 0.39100888 | G155: Tb | H155: fcu | I155: 0.804274 | J155: 6.94679 | K155: 13.37735 | L155: 3094.29 | M155: 0.741 | N155: 0.921327 | O155: 2530.89 | S155: =FIND("]",B155) -> 8
A156: 911 | B156: 2020[In][hcb]2[ASR]1 | C156: 0.018988389 | D156: =C156*10+E156 -> 1.5507421 | E156: 1.3608582 | F156: 0.382108 | G156: In | H156: hcb | I156: 1.03046 | J156: 7.14786 | K156: 8.42452 | L156: 3124.74 | M156: 0.6954 | N156: 0.674843 | O156: 850.522 | S156: =FIND("]",B156) -> 8
A157: 1146 | B157: 2022[Cd][crb]3[ASR]1 | C157: 0.080538079 | D157: =C157*10+E157 -> 1.5483609 | E157: 0.74298014 | F157: 0.20805068 | G157: Cd | H157: crb | I157: 1.64853 | J157: 3.52969 | K157: 4.59063 | L157: 3186.21 | M157: 0.5182 | N157: 0.31434 | O157: 2204.176 | S157: =FIND("]",B157) -> 8
A158: 1276 | B158: 2023[U][nan]2[ASR]1 | C158: 0.046353248 | D158: =C158*10+E158 -> 1.547906 | E158: 1.0843735 | F158: 0.37899588 | G158: U | H158: nan | I158: 1.06552 | J158: 5.2856 | K158: 7.98544 | L158: 3435.19 | M158: 0.6611 | N158: 0.620449 | O158: 4084.404 | S158: =FIND("]",B158) -> 7
A159: 1106 | B159: 2021[Pr][kgd]2[ASR]1 | C159: 0.094759706 | D159: =C159*10+E159 -> 1.545251 | E159: 0.59765391 | F159: 0.26902784 | G159: Pr | H159: kgd | I159: 1.35222 | J159: 4.9769 | K159: 5.83059 | L159: 3458.54 | M159: 0.5438 | N159: 0.402153 | O159: 1368.86 | S159: =FIND("]",B159) -> 8
A160: 748 | B160: 2019[Zn][nan]3[ASR]11 | C160: 0.036621118 | D160: =C160*10+E160 -> 1.542976 | E160: 1.1767648 | F160: 0.42844237 | G160: Zn | H160: nan | I160: 0.956305 | J160: 9.7296 | K160: 11.76139 | L160: 3591.2 | M160: 0.6843 | N160: 0.715566 | O160: 3223.776 | S160: =FIND("]",B160) -> 8
A161: 713 | B161: 2019[Pr][nan]3[ASR]1 | C161: 0.056321587 | D161: =C161*10+E161 -> 1.5405316 | E161: 0.97731572 | F161: 0.35077649 | G161: Pr | H161: nan | I161: 1.11647 | J161: 4.77676 | K161: 6.90143 | L161: 3411.95 | M161: 0.6304 | N161: 0.564635 | O161: 1252.964 | S161: =FIND("]",B161) -> 8
A162: 409 | B162: 2017[Tb][nan]3[ASR]2 | C162: 0.10088126 | D162: =C162*10+E162 -> 1.5384159 | E162: 0.52960326 | F162: 0.25857139 | G162: Tb | H162: nan | I162: 1.34373 | J162: 4.58175 | K162: 5.87816 | L162: 3481.9 | M162: 0.537 | N162: 0.399634 | O162: 1122.478 | S162: =FIND("]",B162) -> 8
A163: 786 | B163: 2019[Zr][sjt]3[ASR]1 | C163: 0.036868604 | D163: =C163*10+E163 -> 1.5309625 | E163: 1.1622765 | F163: 0.33446082 | G163: Zr | H163: sjt | I163: 0.586065 | J163: 12.73503 | K163: 19.8152 | L163: 3548.22 | M163: 0.7816 | N163: 1.33364 | O163: 20291.994 | S163: =FIND("]",B163) -> 8
A164: 1275 | B164: 2023[Th][nan]3[ASR]1 | C164: 0.080843514 | D164: =C164*10+E164 -> 1.5234505 | E164: 0.71501536 | F164: 0.25036087 | G164: Th | H164: nan | I164: 1.40761 | J164: 4.33411 | K164: 4.98521 | L164: 3329.22 | M164: 0.5471 | N164: 0.388674 | O164: 968.76 | S164: =FIND("]",B164) -> 8
A165: 686 | B165: 2019[Lu][pcu]3[ASR]1 | C165: 0.078424725 | D165: =C165*10+E165 -> 1.5194634 | E165: 0.73521611 | F165: 0.1481224 | G165: Lu | H165: pcu | I165: 1.83876 | J165: 3.65639 | K165: 4.41362 | L165: 3001.16 | M165: 0.4469 | N165: 0.243045 | O165: 2052.7 | S165: =FIND("]",B165) -> 8
A166: 137 | B166: 2015[Cd][nan]3[ASR]3 | C166: 0.080126625 | D166: =C166*10+E166 -> 1.5172064 | E166: 0.71594017 | F166: 0.15362636 | G166: Cd | H166: nan | I166: 1.99798 | J166: 2.94653 | K166: 4.60502 | L166: 3040.37 | M166: 0.4611 | N166: 0.230783 | O166: 1635 | S166: =FIND("]",B166) -> 8
... A233: 17 | B233: 0000[Eu][sql]2[ASR]1 | C233: 0.093652893 | D233: =C233*10+E233 -> 1.3939724 | E233: 0.45744349 | F233: 0.20080487 | G233: Eu | H233: sql | I233: 1.62245 | J233: 4.02158 | K233: 4.81421 | L233: 3404.23 | M233: 0.5073 | N233: 0.312676 | O233: 2776.9 | S233: =FIND("]",B233) -> 8
A234: 1078 | B234: 2021[Eu][fcu]3[ASR]2 | C234: 8.6e-05 | D234: =C234*10+E234 -> 1.3934821 | E234: 1.3926221 | F234: 0.3821438 | G234: Eu | H234: fcu | I234: 0.789282 | J234: 7.21484 | K234: 14.75035 | L234: 3040.2 | M234: 0.7609 | N234: 0.964041 | O234: 2504.772 | P234: Medium | Q234: Worked | S234: =FIND("]",B234) -> 8
A235: 346 | B235: 2017[CuTi][pcu]3[ASR]1 | C235: 0.10390412 | D235: =C235*10+E235 -> 1.3925838 | E235: 0.35354259 | F235: 0.26325905 | G235: CuTi | H235: pcu | I235: 1.26169 | J235: 6.35471 | K235: 7.03442 | L235: 3579.64 | M235: 0.4967 | N235: 0.393677 | O235: 1284.212 | S235: =FIND("]",B235) -> 10
A236: 459 | B236: 2017[Zr][nan]3[ASR]1 | C236: 0.014057979 | D236: =C236*10+E236 -> 1.3902991 | E236: 1.2497193 | F236: 0.39143565 | G236: Zr | H236: nan | I236: 0.811156 | J236: 7.12418 | K236: 11.99121 | L236: 3514.93 | M236: 0.7354 | N236: 0.906607 | O236: 4231.772 | S236: =FIND("]",B236) -> 8
A237: 1117 | B237: 2021[ZnPb][llj]3[ASR]1 | C237: 0.09008836 | D237: =C237*10+E237 -> 1.3877734 | E237: 0.48688983 | F237: 0.1781912 | G237: ZnPb | H237: llj | I237: 1.64147 | J237: 2.96242 | K237: 4.57296 | L237: 3328.25 | M237: 0.4992 | N237: 0.304118 | O237: 1051.476 | S237: =FIND("]",B237) -> 10
A238: 508 | B238: 2018[Eu][nan]3[ASR]1 | C238: 0.040854008 | D238: =C238*10+E238 -> 1.3861458 | E238: 0.97760567 | F238: 0.41224054 | G238: Eu | H238: nan | I238: 0.895347 | J238: 8.15613 | K238: 10.38976 | L238: 3759.04 | M238: 0.6741 | N238: 0.752892 | O238: 5087.104 | S238: =FIND("]",B238) -> 8
A239: 1045 | B239: 2021[Co][nan]3[ASR]4 | C239: 0.10863075 | D239: =C239*10+E239 -> 1.3855916 | E239: 0.29928405 | F239: 0.12411061 | G239: Co | H239: nan | I239: 1.62772 | J239: 3.30001 | K239: 5.43308 | L239: 3311.79 | M239: 0.4201 | N239: 0.258092 | O239: 4180.812 | S239: =FIND("]",B239) -> 8
A240: 870 | B240: 2020[Cu][pcu]3[ASR]1 | C240: 0.095286625 | D240: =C240*10+E240 -> 1.3844419 | E240: 0.43157568 | F240: 0.13553521 | G240: Cu | H240: pcu | I240: 2.08225 | J240: 3.76458 | K240: 5.35053 | L240: 3228.18 | M240: 0.4257 | N240: 0.204443 | O240: 3876.936 | S240: =FIND("]",B240) -> 8
A241: 687 | B241: 2019[Lu][pcu]3[ASR]2 | C241: 0.071827041 | D241: =C241*10+E241 -> 1.3833756 | E241: 0.66510522 | F241: 0.12580739 | G241: Lu | H241: pcu | I241: 1.90166 | J241: 3.40898 | K241: 4.12942 | L241: 3007.35 | M241: 0.4282 | N241: 0.225172 | O241: 2052.7 | S241: =FIND("]",B241) -> 8
A242: 81 | B242: 2013[Sm][kgd]2[ASR]1 | C242: 0.094876787 | D242: =C242*10+E242 -> 1.3826419 | E242: 0.433874 | F242: 0.1755815 | G242: Sm | H242: kgd | I242: 1.55696 | J242: 3.60421 | K242: 4.47886 | L242: 3368.19 | M242: 0.4928 | N242: 0.316513 | O242: 560.424 | S242: =FIND("]",B242) -> 8
A243: 995 | B243: 2020[Zn][nbo]3[ASR]1 | C243: 0.030766849 | D243: =C243*10+E243 -> 1.3811993 | E243: 1.0735309 | F243: 0.40098441 | G243: Zn | H243: nbo | I243: 0.901032 | J243: 4.68639 | K243: 10.18079 | L243: 3579.94 | M243: 0.6929 | N243: 0.769007 | O243: 1370.928 | S243: =FIND("]",B243) -> 8
A244: 51 | B244: 2009[Zn][pcu]3[ASR]2 | C244: 0.078518163 | D244: =C244*10+E244 -> 1.3802912 | E244: 0.59510954 | F244: 0.28584061 | G244: Zn | H244: pcu | I244: 1.46944 | J244: 2.85127 | K244: 6.3573 | L244: 3487.24 | M244: 0.5728 | N244: 0.389809 | O244: 3819.376 | S244: =FIND("]",B244) -> 8
A245: 551 | B245: 2018[Zr][nan]3[ASR]4 | C245: 0.020019011 | D245: =C245*10+E245 -> 1.3719137 | E245: 1.1717236 | F245: 0.40317027 | G245: Zr | H245: nan | I245: 0.70707 | J245: 6.67955 | K245: 13.74408 | L245: 3632.35 | M245: 0.7225 | N245: 1.02182 | O245: 4857.902 | S245: =FIND("]",B245) -> 8
A246: 1038 | B246: 2021[Ce][kgd]2[ASR]1 | C246: 0.097147481 | D246: =C246*10+E246 -> 1.3671407 | E246: 0.39566585 | F246: 0.25547938 | G246: Ce | H246: kgd | I246: 1.36058 | J246: 5.07988 | K246: 5.72314 | L246: 3579.82 | M246: 0.533 | N246: 0.391743 | O246: 1440.92 | S246: =FIND("]",B246) -> 8
... A781: 394 | B781: 2017[Ni][dia]3[ASR]3 | C781: 0.12771977 | D781: =C781*10+E781 -> 0.51446364 | E781: -0.76273409 | F781: 0.18481431 | G781: Ni | H781: dia | I781: 1.25034 | J781: 3.51885 | K781: 4.97777 | L781: 4456.84 | M781: 0.5014 | N781: 0.401011 | O781: 605.798 | S781: =FIND("]",B781) -> 8
A782: 47 | B782: 2008[Co][sql]2[ASR]1 | C782: 0.15139405 | D782: =C782*10+E782 -> 0.51363004 | E782: -1.0003105 | F782: 0.07425354 | G782: Co | H782: sql | I782: 1.5197 | J782: 2.42717 | K782: 4.78145 | L782: 4256.24 | M782: 0.3961 | N782: 0.260643 | O782: 2113.08 | P782: High | Q782: NotGood | S782: =FIND("]",B782) -> 8
A783: 481 | B783: 2018[Co][flu]3[ASR]1 | C783: 0.14989706 | D783: =C783*10+E783 -> 0.51362931 | E783: -0.98534125 | F783: 0.10119095 | G783: Co | H783: flu | I783: 1.35477 | J783: 2.80323 | K783: 4.4469 | L783: 4347.99 | M783: 0.4299 | N783: 0.317323 | O783: 916.598 | P783: High | Q783: NotGood | S783: =FIND("]",B783) -> 8
A784: 755 | B784: 2019[Zn][pcu]3[ASR]3 | C784: 0.099162517 | D784: =C784*10+E784 -> 0.51027903 | E784: -0.48134614 | F784: 0.26306424 | G784: Zn | H784: pcu | I784: 1.10163 | J784: 3.79239 | K784: 6.29302 | L784: 4605.12 | M784: 0.5592 | N784: 0.50761 | O784: 3117.36 | S784: =FIND("]",B784) -> 8
A785: 517 | B785: 2018[Mn][nan]3[ASR]1 | C785: 0.10936829 | D785: =C785*10+E785 -> 0.50972457 | E785: -0.58395834 | F785: 0.23205862 | G785: Mn | H785: nan | I785: 1.07797 | J785: 3.67382 | K785: 5.46663 | L785: 4510.09 | M785: 0.5386 | N785: 0.499644 | O785: 3634.432 | S785: =FIND("]",B785) -> 8
A786: 704 | B786: 2019[Ni][gra]3[ASR]1 | C786: 0.14312973 | D786: =C786*10+E786 -> 0.509557 | E786: -0.92174028 | F786: 0.15628092 | G786: Ni | H786: gra | I786: 1.30537 | J786: 3.29005 | K786: 5.3404 | L786: 4554.66 | M786: 0.4655 | N786: 0.356603 | O786: 3960.904 | S786: =FIND("]",B786) -> 8
A787: 1157 | B787: 2022[Co][gra]3[ASR]1 | C787: 0.15093275 | D787: =C787*10+E787 -> 0.50918508 | E787: -1.0001424 | F787: 0.12700034 | G787: Co | H787: gra | I787: 1.29727 | J787: 2.17637 | K787: 5.07114 | L787: 4526.67 | M787: 0.4473 | N787: 0.3448 | O787: 3940.42 | P787: High | Q787: NotGood | S787: =FIND("]",B787) -> 8
A788: 1167 | B788: 2022[Cu][sql]2[ASR]6 | C788: -0.05746927 | D788: =C788*10+E788 -> 0.50906796 | E788: 1.0837607 | F788: 0.3687474 | G788: Cu | H788: sql | I788: 0.753447 | J788: 6.39758 | K788: 9.77674 | L788: 3676.82 | M788: 0.752 | N788: 0.998079 | O788: 5533.568 | S788: =FIND("]",B788) -> 8
A789: 1230 | B789: 2023[Co][nan]3[ASR]2 | C789: 0.12130368 | D789: =C789*10+E789 -> 0.50857376 | E789: -0.704463 | F789: 0.21271315 | G789: Co | H789: nan | I789: 1.11602 | J789: 4.19206 | K789: 5.72074 | L789: 4573.3 | M789: 0.5099 | N789: 0.456892 | O789: 2495.822 | S789: =FIND("]",B789) -> 8
A790: 803 | B790: 2020[Cd][pcu]3[ASR]1 | C790: 0.064938099 | D790: =C790*10+E790 -> 0.50812659 | E790: -0.1412544 | F790: 0.31707896 | G790: Cd | H790: pcu | I790: 1.17602 | J790: 7.44381 | K790: 8.04641 | L790: 4279.94 | M790: 0.5455 | N790: 0.463851 | O790: 5095.324 | S790: =FIND("]",B790) -> 8
A791: 1082 | B791: 2021[Eu][pcu]3[ASR]1 | C791: 0.090750895 | D791: =C791*10+E791 -> 0.50775952 | E791: -0.39974943 | F791: 0.027480487 | G791: Eu | H791: pcu | I791: 1.91618 | J791: 2.80356 | K791: 3.32877 | L791: 3646.87 | M791: 0.3439 | N791: 0.179472 | O791: 2745.152 | S791: =FIND("]",B791) -> 8
A792: 25 | B792: 0000[Zn][nan]3[ASR]1 | C792: 0.10381675 | D792: =C792*10+E792 -> 0.50774762 | E792: -0.5304199 | F792: 0.22858895 | G792: Zn | H792: nan | I792: 1.3658 | J792: 6.11281 | K792: 7.05111 | L792: 4260.05 | M792: 0.4831 | N792: 0.353713 | O792: 2268.528 | S792: =FIND("]",B792) -> 8
A793: 1355 | B793: 2024[Zn][hex]3[ASR]1 | C793: 0.056534205 | D793: =C793*10+E793 -> 0.50758209 | E793: -0.057759961 | F793: 0.3242503 | G793: Zn | H793: hex | I793: 0.944033 | J793: 4.32408 | K793: 6.7635 | L793: 4401.71 | M793: 0.6171 | N793: 0.653685 | O793: 4297.768 | S793: =FIND("]",B793) -> 8
A794: 832 | B794: 2020[Co][nan]3[ASR]4 | C794: 0.11513616 | D794: =C794*10+E794 -> 0.50746909 | E794: -0.64389246 | F794: 0.22750142 | G794: Co | H794: nan | I794: 1.09146 | J794: 3.56652 | K794: 5.79247 | L794: 4610.91 | M794: 0.5295 | N794: 0.485129 | O794: 7189.248 | S794: =FIND("]",B794) -> 8
A795: 224 | B795: 2016[Co][sql]2[ASR]21 | C795: 0.14819733 | D795: =C795*10+E795 -> 0.50618583 | E795: -0.97578744 | F795: 0.09104758 | G795: Co | H795: sql | I795: 1.36322 | J795: 3.01481 | K795: 4.29817 | L795: 4294.29 | M795: 0.4195 | N795: 0.307726 | O795: 335.225 | S795: =FIND("]",B795) -> 8
A796: 202 | B796: 2016[Cd][nan]3[ASR]7 | C796: -0.005623042 | D796: =C796*10+E796 -> 0.50537081 | E796: 0.56160123 | F796: 0.3966938 | G796: Cd | H796: nan | I796: 0.754034 | J796: 6.46187 | K796: 10.7636 | L796: 4286.56 | M796: 0.6941 | N796: 0.920516 | O796: 6634.072 | S796: =FIND("]",B796) -> 8
A797: 163 | B797: 2015[Pr][hcb]2[ASR]1 | C797: 0.15023372 | D797: =C797*10+E797 -> 0.50483958 | E797: -0.99749758 | F797: 0.08012477 | G797: Pr | H797: hcb | I797: 1.51409 | J797: 2.32829 | K797: 4.47729 | L797: 4280.67 | M797: 0.4114 | N797: 0.271715 | O797: 3479.512 | P797: High | Q797: NotGood | S797: =FIND("]",B797) -> 8
A798: 476 | B798: 2018[Cd][sql]2[ASR]1 | C798: 0.059436839 | D798: =C798*10+E798 -> 0.50325393 | E798: -0.091114458 | F798: 0.33463355 | G798: Cd | H798: sql | I798: 1.02975 | J798: 5.95747 | K798: 7.84304 | L798: 4534.72 | M798: 0.603 | N798: 0.585579 | O798: 2035.264 | S798: =FIND("]",B798) -> 8
A799: 547 | B799: 2018[Zr][bcu]3[ASR]1 | C799: -0.08128577 | D799: =C799*10+E799 -> 0.50314371 | E799: 1.3160014 | F799: 0.34969206 | G799: Zr | H799: bcu | I799: 0.822188 | J799: 8.44133 | K799: 10.26406 | L799: 2698.64 | M799: 0.7616 | N799: 0.926309 | O799: 1235.712 | S799: =FIND("]",B799) -> 8
A800: 626 | B800: 2019[Cu][lvt]3[ASR]1 | C800: -0.01404623 | D800: =C800*10+E800 -> 0.50192469 | E800: 0.64238699 | F800: 0.36505909 | G800: Cu | H800: lvt | I800: 0.831356 | J800: 4.88835 | K800: 6.93702 | L800: 3920.25 | M800: 0.6813 | N800: 0.819504 | O800: 1435.008 | S800: =FIND("]",B800) -> 8
A801: 340 | B801: 2017[Co][tfz]3[ASR]2 | C801: -0.026130675 | D801: =C801*10+E801 -> 0.50130173 | E801: 0.76260848 | F801: 0.39355167 | G801: Co | H801: tfz | I801: 0.75846 | J801: 8.88161 | K801: 9.49114 | L801: 4030.89 | M801: 0.692 | N801: 0.912375 | O801: 3345.72 | S801: =FIND("]",B801) -> 8
A802: 769 | B802: 2019[Zn][sqp]3[ASR]1 | C802: 0.12218292 | D802: =C802*10+E802 -> 0.50039658 | E802: -0.72143267 | F802: 0.20628009 | G802: Zn | H802: sqp | I802: 1.20725 | J802: 3.31256 | K802: 5.38302 | L802: 4564.32 | M802: 0.5171 | N802: 0.428329 | O802: 2353.052 | S802: =FIND("]",B802) -> 8
A803: 204 | B803: 2016[Co][ant]3[ASR]1 | C803: 0.13747329 | D803: =C803*10+E803 -> 0.49964565 | E803: -0.87508725 | F803: 0.16382164 | G803: Co | H803: ant | I803: 1.24631 | J803: 3.49219 | K803: 5.03354 | L803: 4521.85 | M803: 0.4772 | N803: 0.38289 | O803: 4382.668 | S803: =FIND("]",B803) -> 8
...

Sheet FSR_BatchB
E1: =MAX(E3:E1194) -> 0.71961531
A2: Serial | B2: name | C2: OCSVM (nu=0.15) | D2: SVM(C=1.0) | E2: SVR(C=1.0) | F2: Metal | G2: Topology | H2: Density | I2: PLD | J2: LCD | K2: GSA | L2: Void_Fraction | M2: Pore_Volume | N2: UnitCell_MW_g_mol | Q2: min (energy) | R2: max (energy) | S2: center of range | T2: goodness coefficient (normalized by the center of the best range)
A3: 1 | B3: 2004[Cu][mog]3[FSR]2 | C3: 0.14797289 | D3: -0.98091948 | E3: 0.12902029 | F3: Cu | G3: mog | H3: 1.38697 | I3: 2.64467 | J3: 4.89477 | K3: 4487.13 | L3: 0.45116 | M3: 0.325285 | N3: 5687.616 | P3: =FIND("]",B3) -> 8
A4: 2 | B4: 2006[V][rna]3[FSR]1 | C4: 0.089515366 | D4: 0.54315749 | E4: 0.22897686 | F4: V | G4: rna | H4: 1.46805 | I4: 2.79583 | J4: 5.42081 | K4: 3393.95 | L4: 0.53374 | M4: 0.36357 | N4: 1695.58 | P4: =FIND("]",B4) -> 7
A5: 3 | B5: 2007[CuEu][nan]3[FSR]1 | C5: 0.061071828 | D5: 0.3090911 | E5: 0.084143264 | F5: CuEu | G5: nan | H5: 2.03259 | I5: 3.85822 | J5: 4.40951 | K5: 3183.68 | L5: 0.36164 | M5: 0.177921 | N5: 1943.82 | P5: =FIND("]",B5) -> 10
A6: 4 | B6: 2007[In][ctn]3[FSR]1 | C6: -0.030416424 | D6: 1.1394559 | E6: 0.35950587 | F6: In | G6: ctn | H6: 0.921299 | I6: 5.48176 | J6: 6.56544 | K6: 3400.11 | L6: 0.7015 | M6: 0.761425 | N6: 4691.688 | P6: =FIND("]",B6) -> 8
A7: 5 | B7: 2007[Zn][nan]3[FSR]1 | C7: 0.088121794 | D7: -0.26766846 | E7: 0.21974827 | F7: Zn | G7: nan | H7: 1.26993 | I7: 2.40607 | J7: 4.69949 | K7: 4035.17 | L7: 0.54868 | M7: 0.432056 | N7: 3848.432 | P7: =FIND("]",B7) -> 8
A8: 6 | B8: 2007[Zn][nan]3[FSR]2 | C8: 0.086980655 | D8: -0.23908328 | E8: 0.24321958 | F8: Zn | G8: nan | H8: 1.2255 | I8: 3.08135 | J8: 4.95649 | K8: 4100.56 | L8: 0.56162 | M8: 0.458277 | N8: 3848.432 | P8: =FIND("]",B8) -> 8
A9: 7 | B9: 2007[Zn][pcu]3[FSR]3 | C9: -0.099891875 | D9: 1.0599132 | E9: 0.31883304 | F9: Zn | G9: pcu | H9: 0.595037 | I9: 8.20898 | J9: 15.04033 | K9: 3622.94 | L9: 0.81102 | M9: 1.36298 | N9: 1539.734 | P9: =FIND("]",B9) -> 8
A10: 8 | B10: 2007[Zn][srs]3[FSR]10 | C10: 0.053478556 | D10: 1.2442008 | E10: 0.39574917 | F10: Zn | G10: srs | H10: 1.23149 | I10: 6.75539 | J10: 8.59914 | K10: 3285.95 | L10: 0.66224 | M10: 0.537756 | N10: 12657.888 | P10: =FIND("]",B10) -> 8
A11: 9 | B11: 2007[Zn][srs]3[FSR]11 | C11: 0.05079937 | D11: 1.2580806 | E11: 0.39582488 | F11: Zn | G11: srs | H11: 1.23146 | I11: 6.77259 | J11: 8.60968 | K11: 3273.44 | L11: 0.66574 | M11: 0.540609 | N11: 12657.888 | P11: =FIND("]",B11) -> 8
A12: 10 | B12: 2007[Zn][srs]3[FSR]12 | C12: 0.048190908 | D12: 1.2594532 | E12: 0.39803868 | F12: Zn | G12: srs | H12: 1.22695 | I12: 7.15145 | J12: 8.64577 | K12: 3281.53 | L12: 0.6664 | M12: 0.543135 | N12: 12657.888 | P12: =FIND("]",B12) -> 8
A13: 11 | B13: 2007[Zn][srs]3[FSR]13 | C13: 0.046688322 | D13: 1.2470186 | E13: 0.39439555 | F13: Zn | G13: srs | H13: 1.21042 | I13: 6.8958 | J13: 8.47518 | K13: 3292.62 | L13: 0.66746 | M13: 0.551427 | N13: 12657.888 | P13: =FIND("]",B13) -> 8
A14: 12 | B14: 2007[Zn][srs]3[FSR]14 | C14: 0.047977875 | D14: 1.2603077 | E14: 0.39856279 | F14: Zn | G14: srs | H14: 1.20596 | I14: 7.09618 | J14: 8.73075 | K14: 3290.39 | L14: 0.66912 | M14: 0.554843 | N14: 12657.888 | P14: =FIND("]",B14) -> 8
... A222: 220 | B222: 2016[Sm][kgd]2[FSR]1 | C222: 0.11528423 | D222: -0.21805712 | E222: 0.14587649 | F222: Sm | G222: kgd | H222: 1.52805 | I222: 3.55732 | J222: 4.53816 | K222: 3771.48 | L222: 0.473 | M222: 0.309545 | N222: 754.578 | P222: =FIND("]",B222) -> 8
A223: 221 | B223: 2016[Tb][fcu]3[FSR]1 | C223: 0.0094821042 | D223: 1.4058074 | E223: 0.3878289 | F223: Tb | G223: fcu | H223: 0.804274 | I223: 6.94679 | J223: 13.37735 | K223: 3091.16 | L223: 0.74496 | M223: 0.926251 | N223: 2530.89 | P223: =FIND("]",B223) -> 8 | Q223: -10.81 | R223: -10.73 | S223: =Q223-(R223-Q223)/2 -> -10.85 | T223: =S223/(-37.73) -> 0.28756957
A224: 222 | B224: 2016[Ti][srs]3[FSR]1 | C224: -0.11213534 | D224: 0.86630557 | E224: 0.35580167 | F224: Ti | G224: srs | H224: 0.748874 | I224: 4.43359 | J224: 6.24453 | K224: 3742.73 | L224: 0.72982 | M224: 0.974556 | N224: 4658.352 | P224: =FIND("]",B224) -> 8
A225: 224 | B225: 2016[Zn][dia]3[FSR]1 | C225: 0.090115031 | D225: -0.58183391 | E225: 0.24437014 | F225: Zn | G225: dia | H225: 1.13028 | I225: 4.26969 | J225: 5.60587 | K225: 4768.61 | L225: 0.5414 | M225: 0.478997 | N225: 3533.696 | P225: =FIND("]",B225) -> 8
A226: 225 | B226: 2016[Zn][fgl]3[FSR]1 | C226: 0.066707998 | D226: 1.3671479 | E226: 0.41025261 | F226: Zn | G226: fgl | H226: 1.33966 | I226: 8.63635 | J226: 9.32756 | K226: 2939.71 | L226: 0.62718 | M226: 0.468163 | N226: 1949.148 | P226: =FIND("]",B226) -> 8
A227: 226 | B227: 2016[Zn][kgd]2[FSR]1 | C227: 0.12153007 | D227: -0.73466428 | E227: 0.20094685 | F227: Zn | G227: kgd | H227: 1.18629 | I227: 2.68384 | J227: 5.23122 | K227: 4558.66 | L227: 0.51864 | M227: 0.437193 | N227: 2709.18 | P227: =FIND("]",B227) -> 8
A228: 227 | B228: 2016[Zn][nan]2[FSR]1 | C228: 0.14702516 | D228: -1.1197135 | E228: 0.070478173 | F228: Zn | G228: nan | H228: 1.55981 | I228: 2.28398 | J228: 3.76708 | K228: 4473.14 | L228: 0.39266 | M228: 0.251735 | N228: 1398.524 | P228: =FIND("]",B228) -> 8 | Q228: n/a | R228: n/a
A229: 228 | B229: 2016[Zn][nan]2[FSR]2 | C229: 0.1419564 | D229: -1.086822 | E229: 0.068419623 | F229: Zn | G229: nan | H229: 1.62126 | I229: 3.12435 | J229: 3.98891 | K229: 4378.28 | L229: 0.3824 | M229: 0.235866 | N229: 5169.58 | P229: =FIND("]",B229) -> 8
A230: 229 | B230: 2016[Zn][nan]3[FSR]12 | C230: 0.091855492 | D230: -0.59844087 | E230: 0.24266099 | F230: Zn | G230: nan | H230: 1.10689 | I230: 4.56374 | J230: 6.15612 | K230: 4834.01 | L230: 0.52758 | M230: 0.476635 | N230: 2778.676 | P230: =FIND("]",B230) -> 8
A231: 230 | B231: 2016[Zn][nan]3[FSR]13 | C231: 0.042236238 | D231: 0.85200187 | E231: 0.41813654 | F231: Zn | G231: nan | H231: 0.908716 | I231: 5.03657 | J231: 12.11623 | K231: 3930.35 | L231: 0.69672 | M231: 0.766708 | N231: 9702.528 | P231: =FIND("]",B231) -> 8
A232: 231 | B232: 2016[Zn][nan]3[FSR]5 | C232: 0.021316548 | D232: -0.23522085 | E232: 0.3095128 | F232: Zn | G232: nan | H232: 0.951977 | I232: 5.57065 | J232: 6.92787 | K232: 4963.67 | L232: 0.58936 | M232: 0.61909 | N232: 3758.448 | P232: =FIND("]",B232) -> 8
A233: 232 | B233: 2016[Zn][sql]2[FSR]1 | C233: 0.091610702 | D233: -0.78070225 | E233: 0.18067267 | F233: Zn | G233: sql | H233: 1.24339 | I233: 3.29167 | J233: 4.96746 | K233: 5084.99 | L233: 0.45204 | M233: 0.363553 | N233: 5023.696 | P233: =FIND("]",B233) -> 8
A234: 223 | B234: 2016[ZnCo][pcu]3[FSR]1 | C234: -0.056311268 | D234: 1.2049869 | E234: 0.33149149 | F234: ZnCo | G234: pcu | H234: 0.64452 | I234: 11.01743 | J234: 13.54262 | K234: 3401.69 | L234: 0.7845 | M234: 1.21719 | N234: 7312.148 | P234: =FIND("]",B234) -> 10
A235: 233 | B235: 2016[Zr][buh]3[FSR]1 | C235: -0.34261977 | D235: 0.055134156 | E235: 0.34875098 | F235: Zr | G235: buh | H235: 0.389439 | I235: 10.77877 | J235: 18.84439 | K235: 4186.97 | L235: 0.8383 | M235: 2.15259 | N235: 27325.632 | P235: =FIND("]",B235) -> 8
A236: 234 | B236: 2017[Ag][dia]3[FSR]1 | C236: 0.13568607 | D236: -0.8182579 | E236: 0.14315294 | F236: Ag | G236: dia | H236: 1.37041 | I236: 3.54801 | J236: 4.58322 | K236: 4300.22 | L236: 0.46848 | M236: 0.341854 | N236: 4677.496 | P236: =FIND("]",B236) -> 8
A237: 235 | B237: 2017[Ag][sqc]2[FSR]1 | C237: 0.056802194 | D237: 1.1879529 | E237: 0.38908405 | F237: Ag | G237: sqc | H237: 1.15952 | I237: 7.16012 | J237: 8.14975 | K237: 3319.88 | L237: 0.64632 | M237: 0.557405 | N237: 1080.96 | P237: =FIND("]",B237) -> 8
A238: 236 | B238: 2017[Ag][sqc]3[FSR]1 | C238: 0.070745728 | D238: 1.385225 | E238: 0.42009389 | F238: Ag | G238: sqc | H238: 1.14094 | I238: 8.15582 | J238: 10.30618 | K238: 3098.69 | L238: 0.66166 | M238: 0.579924 | N238: 2017.8 | P238: =FIND("]",B238) -> 8
A239: 237 | B239: 2017[Al][fon]3[FSR]1 | C239: -0.15861246 | D239: 0.51349219 | E239: 0.38165782 | F239: Al | G239: fon | H239: 0.593343 | I239: 8.07582 | J239: 10.22463 | K239: 4442.44 | L239: 0.73968 | M239: 1.24663 | N239: 4115.536 | P239: =FIND("]",B239) -> 8
A240: 238 | B240: 2017[Al][skl]3[FSR]1 | C240: -0.10190157 | D240: 0.45834025 | E240: 0.38923008 | F240: Al | G240: skl | H240: 0.633677 | I240: 6.4126 | J240: 10.57915 | K240: 4501.62 | L240: 0.71722 | M240: 1.13184 | N240: 4716.256 | P240: =FIND("]",B240) -> 8
... A339: 338 | B339: 2017[Ni][dia]3[FSR]3 | C339: 0.12844234 | D339: -0.76774004 | E339: 0.18334754 | F339: Ni | G339: dia | H339: 1.25034 | I339: 3.51885 | J339: 4.97777 | K339: 4454.82 | L339: 0.49996 | M339: 0.399859 | N339: 605.798 | P339: =FIND("]",B339) -> 8
A340: 339 | B340: 2017[Ni][hms]3[FSR]1 | C340: 0.1413979 | D340: -1.1367094 | E340: 0.056215165 | F340: Ni | G340: hms | H340: 1.52424 | I340: 2.34169 | J340: 3.06322 | K340: 4474.05 | L340: 0.37466 | M340: 0.245802 | N340: 2531.988 | P340: =FIND("]",B340) -> 8 | Q340: n/a | R340: n/a
A341: 340 | B341: 2017[Ni][nan]3[FSR]1 | C341: 0.097697502 | D341: -0.19906419 | E341: 0.33442927 | F341: Ni | G341: nan | H341: 1.02982 | I341: 3.37663 | J341: 10.60685 | K341: 4605.17 | L341: 0.57982 | M341: 0.563029 | N341: 19488.168 | P341: =FIND("]",B341) -> 8
A342: 341 | B342: 2017[Ni][nan]3[FSR]4 | C342: -0.031952052 | D342: 0.087557989 | E342: 0.36116231 | F342: Ni | G342: nan | H342: 0.754862 | I342: 4.5461 | J342: 8.68471 | K342: 4840.17 | L342: 0.65748 | M342: 0.870994 | N342: 1374.778 | P342: =FIND("]",B342) -> 8
A343: 342 | B343: 2017[Ni][sqc]3[FSR]1 | C343: 0.13729755 | D343: -0.96262711 | E343: 0.1504444 | F343: Ni | G343: sqc | H343: 1.24976 | I343: 3.3599 | J343: 4.99445 | K343: 4701.54 | L343: 0.45348 | M343: 0.362853 | N343: 4513.432 | P343: =FIND("]",B343) -> 8
A344: 343 | B344: 2017[Ni][sql]2[FSR]1 | C344: 0.09632486 | D344: -0.44396133 | E344: 0.25800202 | F344: Ni | G344: sql | H344: 1.06415 | I344: 4.65274 | J344: 5.75291 | K344: 4453.46 | L344: 0.55246 | M344: 0.519155 | N344: 1296.338 | P344: =FIND("]",B344) -> 8
A345: 344 | B345: 2017[Ni][sql]2[FSR]2 | C345: 0.11944831 | D345: -0.71340979 | E345: 0.19341203 | F345: Ni | G345: sql | H345: 1.17221 | I345: 3.33074 | J345: 4.70193 | K345: 4450.78 | L345: 0.51474 | M345: 0.439119 | N345: 1246.278 | P345: =FIND("]",B345) -> 8
A346: 337 | B346: 2017[NiCo][qtz]3[FSR]1 | C346: -0.18316079 | D346: 0.39423111 | E346: 0.40733504 | F346: NiCo | G346: qtz | H346: 0.829487 | I346: 13.15284 | J346: 13.29863 | K346: 4737.19 | L346: 0.66052 | M346: 0.796299 | N346: 3369.321 | P346: =FIND("]",B346) -> 10
A347: 345 | B347: 2017[Pr][kgd]2[FSR]1 | C347: 0.072305603 | D347: -0.020257288 | E347: 0.29577371 | F347: Pr | G347: kgd | H347: 1.09335 | I347: 4.97592 | J347: 5.69403 | K347: 4123.14 | L347: 0.5864 | M347: 0.536333 | N347: 2061.672 | P347: =FIND("]",B347) -> 8
A348: 346 | B348: 2017[Pr][nan]3[FSR]1 | C348: 0.079760486 | D348: 0.47686174 | E348: 0.10616909 | F348: Pr | G348: nan | H348: 1.99895 | I348: 3.1156 | J348: 4.62788 | K348: 3120.23 | L348: 0.40384 | M348: 0.202026 | N348: 1480.452 | P348: =FIND("]",B348) -> 8
A349: 347 | B349: 2017[Rh][sql]2[FSR]1 | C349: 0.027321493 | D349: 0.529494 | E349: 0.31894081 | F349: Rh | G349: sql | H349: 1.13119 | I349: 3.52965 | J349: 5.38505 | K349: 3725.8 | L349: 0.62994 | M349: 0.556884 | N349: 676.544 | P349: =FIND("]",B349) -> 8
A350: 348 | B350: 2017[Sc][nan]3[FSR]1 | C350: 0.023974747 | D350: 0.099820784 | E350: 0.33394424 | F350: Sc | G350: nan | H350: 0.885831 | I350: 5.0736 | J350: 6.03816 | K350: 4296.33 | L350: 0.6341 | M350: 0.715825 | N350: 1453.14 | P350: =FIND("]",B350) -> 8
A351: 349 | B351: 2017[Tb][nan]3[FSR]1 | C351: 0.10548969 | D351: -0.019694666 | E351: 0.28201162 | F351: Tb | G351: nan | H351: 1.26291 | I351: 5.74222 | J351: 7.11031 | K351: 3967.59 | L351: 0.53364 | M351: 0.422547 | N351: 4028.106 | P351: =FIND("]",B351) -> 8
A352: 350 | B352: 2017[Tb][nan]3[FSR]2 | C352: 0.10031768 | D352: 0.53218338 | E352: 0.25981085 | F352: Tb | G352: nan | H352: 1.34373 | I352: 4.58175 | J352: 5.87816 | K352: 3483.58 | L352: 0.53828 | M352: 0.400587 | N352: 1122.478 | P352: =FIND("]",B352) -> 8
... A727: 730 | B727: 2020[Cu][nan]2[FSR]3 | C727: -0.085149286 | D727: -0.0072986119 | E727: 0.33824509 | F727: Cu | G727: nan | H727: 0.783586 | I727: 3.71343 | J727: 6.17681 | K727: 5181.28 | L727: 0.64502 | M727: 0.823164 | N727: 1695.864 | P727: =FIND("]",B727) -> 8
A728: 731 | B728: 2020[Cu][nbo]3[FSR]1 | C728: -0.069037494 | D728: -0.0029324838 | E728: 0.36614159 | F728: Cu | G728: nbo | H728: 0.979363 | I728: 10.00815 | J728: 10.63307 | K728: 4825.08 | L728: 0.57518 | M728: 0.5873 | N728: 1379.844 | P728: =FIND("]",B728) -> 8 | Q728: -11.83 | R728: -11.78 | S728: =Q728-(R728-Q728)/2 -> -11.855 | T728: =S728/(-37.73) -> 0.3142062
A729: 732 | B729: 2020[Cu][pcu]3[FSR]1 | C729: 0.095549642 | D729: 0.43344869 | E729: 0.13648305 | F729: Cu | G729: pcu | H729: 2.08225 | I729: 3.76458 | J729: 5.35053 | K729: 3229.5 | L729: 0.42696 | M729: 0.205048 | N729: 3876.936 | P729: =FIND("]",B729) -> 8
A730: 733 | B730: 2020[Cu][pcu]3[FSR]2 | C730: 0.082845541 | D730: 0.47044105 | E730: 0.12293675 | F730: Cu | G730: pcu | H730: 2.16703 | I730: 3.83901 | J730: 5.25034 | K730: 3149.09 | L730: 0.40374 | M730: 0.186311 | N730: 11630.808 | P730: =FIND("]",B730) -> 8
A731: 734 | B731: 2020[Cu][rob]3[FSR]1 | C731: 0.14231484 | D731: -1.0178918 | E731: 0.10578355 | F731: Cu | G731: rob | H731: 1.50997 | I731: 3.74703 | J731: 4.7834 | K731: 4402.94 | L731: 0.4151 | M731: 0.274905 | N731: 1086.956 | P731: =FIND("]",B731) -> 8
A732: 735 | B732: 2020[Cu][rob]3[FSR]2 | C732: 0.10313637 | D732: -0.80073662 | E732: 0.19371615 | F732: Cu | G732: rob | H732: 1.33688 | I732: 5.75806 | J732: 6.02392 | K732: 4563.41 | L732: 0.4671 | M732: 0.349395 | N732: 1139.032 | P732: =FIND("]",B732) -> 8
A733: 736 | B733: 2020[Cu][sql]2[FSR]10 | C733: -0.11815282 | D733: 0.12417774 | E733: 0.36266737 | F733: Cu | G733: sql | H733: 0.720191 | I733: 4.22333 | J733: 7.03077 | K733: 5027.25 | L733: 0.68318 | M733: 0.948609 | N733: 2800.652 | P733: =FIND("]",B733) -> 8
A734: 737 | B734: 2020[Cu][sql]2[FSR]2 | C734: 0.1055178 | D734: -0.69893346 | E734: 0.21564289 | F734: Cu | G734: sql | H734: 1.12755 | I734: 2.28365 | J734: 5.84288 | K734: 4873.21 | L734: 0.5166 | M734: 0.458161 | N734: 1663.648 | P734: =FIND("]",B734) -> 8
A735: 738 | B735: 2020[Cu][sql]2[FSR]3 | C735: -0.011750717 | D735: -0.13919945 | E735: 0.32258786 | F735: Cu | G735: sql | H735: 0.882092 | I735: 5.23757 | J735: 6.43409 | K735: 4999.72 | L735: 0.61562 | M735: 0.697909 | N735: 3547.616 | P735: =FIND("]",B735) -> 8
A736: 739 | B736: 2020[Cu][sql]2[FSR]4 | C736: 0.11336904 | D736: -0.92106072 | E736: 0.1536663 | F736: Cu | G736: sql | H736: 1.31298 | I736: 3.01258 | J736: 3.91646 | K736: 4895.68 | L736: 0.45602 | M736: 0.347318 | N736: 4740.624 | P736: =FIND("]",B736) -> 8
A737: 740 | B737: 2020[Cu][sql]2[FSR]5 | C737: 0.11545771 | D737: -0.87101584 | E737: 0.16649102 | F737: Cu | G737: sql | H737: 1.25759 | I737: 2.41698 | J737: 4.77779 | K737: 4937.44 | L737: 0.46282 | M737: 0.36802 | N737: 2159.964 | P737: =FIND("]",B737) -> 8
A738: 741 | B738: 2020[Cu][sql]2[FSR]6 | C738: -0.093097955 | D738: 0.019912293 | E738: 0.34384272 | F738: Cu | G738: sql | H738: 0.766394 | I738: 3.55294 | J738: 6.3821 | K738: 5150.88 | L738: 0.6543 | M738: 0.853739 | N738: 1695.864 | P738: =FIND("]",B738) -> 8
A739: 742 | B739: 2020[Cu][tbo]3[FSR]1 | C739: 0.050285885 | D739: 1.3742266 | E739: 0.4140344 | F739: Cu | G739: tbo | H739: 0.887233 | I739: 6.78569 | J739: 13.27585 | K739: 3299.78 | L739: 0.72202 | M739: 0.813788 | N739: 2419.488 | P739: =FIND("]",B739) -> 8
A740: 716 | B740: 2020[CuCe][nan]2[FSR]1 | C740: 0.08713148 | D740: 0.23150739 | E740: 0.084588897 | F740: CuCe | G740: nan | H740: 2.12579 | I740: 2.42979 | J740: 4.33594 | K740: 3293.77 | L740: 0.40684 | M740: 0.191383 | N740: 10770.352 | P740: =FIND("]",B740) -> 10
... A790: 783 | B790: 2020[NiMn][nan]3[FSR]1 | C790: 0.1258803 | D790: -0.26729342 | E790: 0.21091612 | F790: NiMn | G790: nan | H790: 1.27664 | I790: 4.29329 | J790: 6.02347 | K790: 3958.88 | L790: 0.50094 | M790: 0.392391 | N790: 5167.866 | P790: =FIND("]",B790) -> 10
A791: 789 | B791: 2020[Pr][nan]3[FSR]1 | C791: 0.13173325 | D791: 0.00033829819 | E791: 0.22552808 | F791: Pr | G791: nan | H791: 1.51667 | I791: 4.38599 | J791: 7.70802 | K791: 3726.02 | L791: 0.4765 | M791: 0.314176 | N791: 4370.904 | P791: =FIND("]",B791) -> 8 | Q791: -29.06 | R791: -28.68 | S791: =Q791-(R791-Q791)/2 -> -29.25 | T791: =S791/(-37.73) -> 0.77524516
A792: 790 | B792: 2020[Pr][pts]3[FSR]1 | C792: 0.056078785 | D792: 1.195099 | E792: 0.25952356 | F792: Pr | G792: pts | H792: 1.72802 | I792: 5.32784 | J792: 5.58764 | K792: 2553.85 | L792: 0.50838 | M792: 0.294199 | N792: 1016.568 | P792: =FIND("]",B792) -> 8
A793: 791 | B793: 2020[Sm][nan]3[FSR]1 | C793: 0.1313557 | D793: -0.8487771 | E793: 0.047673786 | F793: Sm | G793: nan | H793: 1.67107 | I793: 2.81988 | J793: 3.56066 | K793: 4047.38 | L793: 0.3851 | M793: 0.230451 | N793: 3370.92 | P793: =FIND("]",B793) -> 8
A794: 793 | B794: 2020[Tb][hcb]2[FSR]1 | C794: 0.13672188 | D794: -0.98162148 | E794: 0.14753789 | F794: Tb | G794: hcb | H794: 1.3838 | I794: 4.07019 | J794: 5.71864 | K794: 4623.78 | L794: 0.43576 | M794: 0.314902 | N794: 4699.848 | P794: =FIND("]",B794) -> 8
A795: 794 | B795: 2020[Tb][nan]3[FSR]1 | C795: 0.12482298 | D795: -0.73531448 | E795: 0.043621461 | F795: Tb | G795: nan | H795: 1.71949 | I795: 2.77635 | J795: 3.54391 | K795: 3941.22 | L795: 0.38238 | M795: 0.222379 | N795: 4642.32 | P795: =FIND("]",B795) -> 8
A796: 795 | B796: 2020[Tb][nan]3[FSR]2 | C796: 0.08228425 | D796: 1.1314015 | E796: 0.35007531 | F796: Tb | G796: nan | H796: 1.27052 | I796: 6.29629 | J796: 7.19811 | K796: 3191.09 | L796: 0.59678 | M796: 0.469713 | N796: 2910.846 | P796: =FIND("]",B796) -> 8
A797: 796 | B797: 2020[Tb][pcu]3[FSR]1 | C797: 0.070482806 | D797: 0.84087869 | E797: 0.3007167 | F797: Tb | G797: pcu | H797: 1.31765 | I797: 3.17683 | J797: 6.25139 | K797: 3333.76 | L797: 0.58718 | M797: 0.445628 | N797: 1956.504 | P797: =FIND("]",B797) -> 8
A798: 792 | B798: 2020[TbIn][nan]3[FSR]1 | C798: 0.093584527 | D798: 1.074078 | E798: 0.38633913 | F798: TbIn | G798: nan | H798: 1.14162 | I798: 6.29302 | J798: 8.80596 | K798: 3373.19 | L798: 0.614 | M798: 0.537832 | N798: 3130.976 | P798: =FIND("]",B798) -> 10
A799: 797 | B799: 2020[Ti][srs]3[FSR]1 | C799: -0.13047175 | D799: 0.53351828 | E799: 0.38209915 | F799: Ti | G799: srs | H799: 0.641889 | I799: 4.1592 | J799: 9.47492 | K799: 4312.21 | L799: 0.7369 | M799: 1.14802 | N799: 3194.544 | P799: =FIND("]",B799) -> 8
A800: 798 | B800: 2020[U][hcb]2[FSR]2 | C800: -0.10064935 | D800: 1.2031059 | E800: 0.33375285 | F800: U | G800: hcb | H800: 1.71971 | I800: 3.67365 | J800: 5.53669 | K800: 2256.12 | L800: 0.67496 | M800: 0.392485 | N800: 656.1 | P800: =FIND("]",B800) -> 7
A801: 799 | B801: 2020[U][hcb]2[FSR]3 | C801: -0.10801156 | D801: 1.1900828 | E801: 0.3352557 | F801: U | G801: hcb | H801: 1.70761 | I801: 3.74779 | J801: 5.5795 | K801: 2231.36 | L801: 0.67936 | M801: 0.397844 | N801: 656.1 | P801: =FIND("]",B801) -> 7
A802: 800 | B802: 2020[V][nan]3[FSR]1 | C802: 0.073409241 | D802: 0.89795615 | E802: 0.3507549 | F802: V | G802: nan | H802: 1.11033 | I802: 6.96931 | J802: 7.09076 | K802: 3444.87 | L802: 0.59106 | M802: 0.53233 | N802: 924.228 | P802: =FIND("]",B802) -> 7
A803: 801 | B803: 2020[V][nan]3[FSR]2 | C803: 0.073309819 | D803: 0.90061323 | E803: 0.35087045 | F803: V | G803: nan | H803: 1.11183 | I803: 6.98626 | J803: 7.09203 | K803: 3442.22 | L803: 0.59092 | M803: 0.531484 | N803: 924.228 | P803: =FIND("]",B803) -> 7
... A908: 906 | B908: 2021[Er][nan]3[FSR]2 | C908: -0.04343656 | D908: 0.78660603 | E908: 0.12942296 | F908: Er | G908: nan | H908: 2.44413 | I908: 2.60024 | J908: 3.30935 | K908: 2542.9 | L908: 0.34696 | M908: 0.141956 | N908: 480.24 | P908: =FIND("]",B908) -> 8
A909: 907 | B909: 2021[Eu][fcu]3[FSR]1 | C909: 0.013954605 | D909: 1.4067707 | E909: 0.38820779 | F909: Eu | G909: fcu | H909: 0.819531 | I909: 7.21484 | J909: 13.70548 | K909: 3102.54 | L909: 0.7491 | M909: 0.91406 | N909: 2600.766 | P909: =FIND("]",B909) -> 8 | Q909: -12.71 | R909: -11.83 | S909: =Q909-(R909-Q909)/2 -> -13.15 | T909: =S909/(-37.73) -> 0.34852902
A910: 908 | B910: 2021[Eu][kgd]2[FSR]1 | C910: 0.1024713 | D910: 0.5298012 | E910: 0.23712342 | F910: Eu | G910: kgd | H910: 1.46165 | I910: 5.06118 | J910: 5.76606 | K910: 3416.56 | L910: 0.51146 | M910: 0.349921 | N910: 2120.836 | P910: =FIND("]",B910) -> 8
A911: 909 | B911: 2021[Eu][nan]3[FSR]2 | C911: 0.084568874 | D911: 1.0773782 | E911: 0.34687246 | F911: Eu | G911: nan | H911: 1.43096 | I911: 7.74888 | J911: 7.87258 | K911: 3129.54 | L911: 0.54642 | M911: 0.381856 | N911: 3273.32 | P911: =FIND("]",B911) -> 8
A912: 910 | B912: 2021[Eu][pcu]3[FSR]1 | C912: 0.079568087 | D912: -0.40204956 | E912: 0.024652858 | F912: Eu | G912: pcu | H912: 1.96648 | I912: 2.80356 | J912: 3.32877 | K912: 3635.22 | L912: 0.32218 | M912: 0.163836 | N912: 2817.212 | P912: =FIND("]",B912) -> 8
A913: 911 | B913: 2021[Eu][pts]3[FSR]1 | C913: 0.085328127 | D913: 0.66133926 | E913: 0.15239247 | F913: Eu | G913: pts | H913: 1.7775 | I913: 3.14644 | J913: 4.43012 | K913: 3103.68 | L913: 0.46472 | M913: 0.261446 | N913: 3377.116 | P913: =FIND("]",B913) -> 8
A914: 912 | B914: 2021[Fe][bpq]3[FSR]1 | C914: 0.077865694 | D914: 0.43475611 | E914: 0.27959999 | F914: Fe | G914: bpq | H914: 1.17541 | I914: 4.92571 | J914: 5.3529 | K914: 3646.9 | L914: 0.56716 | M914: 0.482519 | N914: 473.936 | P914: =FIND("]",B914) -> 8
A915: 913 | B915: 2021[GeNi][pcu]3[FSR]1 | C915: 0.077094408 | D915: 0.47843209 | E915: 0.10140593 | F915: GeNi | G915: pcu | H915: 1.81188 | I915: 3.28853 | J915: 4.09628 | K915: 3122.17 | L915: 0.4074 | M915: 0.224849 | N915: 332.861 | P915: =FIND("]",B915) -> 10
A916: 914 | B916: 2021[Hf][sqc]3[FSR]1 | C916: 0.042881741 | D916: 1.4145043 | E916: 0.38428183 | F916: Hf | G916: sqc | H916: 1.20336 | I916: 5.24898 | J916: 9.19603 | K916: 2701.41 | L916: 0.66564 | M916: 0.55315 | N916: 4928.176 | P916: =FIND("]",B916) -> 8 | Q916: -10.24 | R916: -10.05 | S916: =Q916-(R916-Q916)/2 -> -10.335 | T916: =S916/(-37.73) -> 0.27391996
A917: 915 | B917: 2021[Ho][nan]3[FSR]1 | C917: -0.015434448 | D917: 0.73746986 | E917: 0.11347655 | F917: Ho | G917: nan | H917: 2.34898 | I917: 2.6576 | J917: 3.46424 | K917: 2668.88 | L917: 0.35208 | M917: 0.149886 | N917: 798.09 | P917: =FIND("]",B917) -> 8
A918: 916 | B918: 2021[Ho][nan]3[FSR]2 | C918: -0.032897582 | D918: 0.770863 | E918: 0.1227003 | F918: Ho | G918: nan | H918: 2.40906 | I918: 2.61709 | J918: 3.31799 | K918: 2590.03 | L918: 0.34938 | M918: 0.145027 | N918: 810.1 | P918: =FIND("]",B918) -> 8
A919: 917 | B919: 2021[In][nan]3[FSR]2 | C919: 0.038615785 | D919: 0.69244914 | E919: 0.39840902 | F919: In | G919: nan | H919: 0.851114 | I919: 5.60775 | J919: 10.07495 | K919: 3999.75 | L919: 0.67636 | M919: 0.794677 | N919: 5401.836 | P919: =FIND("]",B919) -> 8
A920: 918 | B920: 2021[La][fsc]3[FSR]1 | C920: 0.11198555 | D920: 0.065310772 | E920: 0.24381062 | F920: La | G920: fsc | H920: 1.34906 | I920: 4.75335 | J920: 6.17716 | K920: 3787.48 | L920: 0.52092 | M920: 0.386137 | N920: 1926.696 | P920: =FIND("]",B920) -> 8
A921: 919 | B921: 2021[La][kgd]2[FSR]1 | C921: 0.10546649 | D921: 0.17665511 | E921: 0.23694317 | F921: La | G921: kgd | H921: 1.38177 | I921: 5.11347 | J921: 5.8566 | K921: 3687.21 | L921: 0.51414 | M921: 0.372088 | N921: 2068.6 | P921: =FIND("]",B921) -> 8
A922: 921 | B922: 2021[Mn][dia]3[FSR]1 | C922: -0.032463587 | D922: 0.19864637 | E922: 0.37897417 | F922: Mn | G922: dia | H922: 0.736026 | I922: 5.36649 | J922: 10.29679 | K922: 4784.4 | L922: 0.66606 | M922: 0.90494 | N922: 3543.208 | P922: =FIND("]",B922) -> 8
A923: 922 | B923: 2021[Mn][nan]2[FSR]1 | C923: 0.078329899 | D923: -0.17087228 | E923: 0.048748437 | F923: Mn | G923: nan | H923: 1.80299 | I923: 3.58081 | J923: 3.93617 | K923: 3500.07 | L923: 0.3421 | M923: 0.189741 | N923: 868.156 | P923: =FIND("]",B923) -> 8
A924: 923 | B924: 2021[Mn][nan]2[FSR]2 | C924: 0.09909924 | D924: -0.51758598 | E924: 0.25064452 | F924: Mn | G924: nan | H924: 1.05758 | I924: 5.24567 | J924: 6.06802 | K924: 4515.41 | L924: 0.53414 | M924: 0.505057 | N924: 1594.178 | P924: =FIND("]",B924) -> 8
A925: 924 | B925: 2021[Mn][sql]2[FSR]1 | C925: 0.11552489 | D925: -0.70395445 | E925: 0.21868822 | F925: Mn | G925: sql | H925: 1.13325 | I925: 3.69621 | J925: 5.86758 | K925: 4730.23 | L925: 0.5155 | M925: 0.454886 | N925: 2331.372 | P925: =FIND("]",B925) -> 8
A926: 920 | B926: 2021[MnSi][kgd]2[FSR]1 | C926: 0.12621838 | D926: -0.71593909 | E926: 0.20858514 | F926: MnSi | G926: kgd | H926: 1.12436 | I926: 3.1293 | J926: 5.70894 | K926: 4568.17 | L926: 0.51568 | M926: 0.458644 | N926: 4186.44 | P926: =FIND("]",B926) -> 10
A927: 925 | B927: 2021[Mo][lvt]3[FSR]1 | C927: 0.071678035 | D927: 0.026828889 | E927: 0.32254341 | F927: Mo | G927: lvt | H927: 1.0384 | I927: 5.72342 | J927: 6.79293 | K927: 4203.64 | L927: 0.594 | M927: 0.572035 | N927: 3403.008 | P927: =FIND("]",B927) -> 8
A928: 926 | B928: 2021[Nd][kgd]2[FSR]1 | C928: 0.10560107 | D928: 0.39165806 | E928: 0.23588097 | F928: Nd | G928: kgd | H928: 1.42763 | I928: 5.06489 | J928: 5.88282 | K928: 3518.34 | L928: 0.50988 | M928: 0.357151 | N928: 1512.98 | P928: =FIND("]",B928) -> 8
... A936: 934 | B936: 2021[Tb][nan]3[FSR]3 | C936: -0.014332499 | D936: 0.73874097 | E936: 0.11349133 | F936: Tb | G936: nan | H936: 2.35115 | I936: 2.66653 | J936: 3.47134 | K936: 2670.75 | L936: 0.35312 | M936: 0.15019 | N936: 798.09 | P936: =FIND("]",B936) -> 8
A937: 935 | B937: 2021[Th][fcu]3[FSR]1 | C937: 0.010847681 | D937: 1.404015 | E937: 0.39975338 | F937: Th | G937: fcu | H937: 0.931236 | I937: 7.11938 | J937: 13.67888 | K937: 2784.83 | L937: 0.7428 | M937: 0.79765 | N937: 1665.27 | P937: =FIND("]",B937) -> 8 | Q937: -10.062 | R937: -9.832 | S937: =Q937-(R937-Q937)/2 -> -10.177 | T937: =S937/(-37.73) -> 0.26973231
A938: 936 | B938: 2021[Th][fcu]3[FSR]2 | C938: 0.012013096 | D938: 1.2871396 | E938: 0.35086427 | F938: Th | G938: fcu | H938: 1.64417 | I938: 4.31767 | J938: 7.88065 | K938: 2306.77 | L938: 0.61116 | M938: 0.371715 | N938: 1208.682 | P938: =FIND("]",B938) -> 8
A939: 937 | B939: 2021[Tm][nan]3[FSR]1 | C939: -0.042334394 | D939: 0.7931476 | E939: 0.13159089 | F939: Tm | G939: nan | H939: 2.45199 | I939: 2.57894 | J939: 3.42967 | K939: 2536.46 | L939: 0.34802 | M939: 0.141934 | N939: 480.24 | P939: =FIND("]",B939) -> 8
...

Sheet Ion_BatchB
E1: =MAX(E3:E102) -> 0.46323641
A2: Serial | B2: name | C2: OCSVM (nu=0.15) | D2: SVM(C=1.0) | E2: SVR(C=1.0) | F2: Metal | G2: Topology | H2: Density | I2: PLD | J2: LCD | K2: GSA | L2: Void_Fraction | M2: Pore_Volume | N2: UnitCell_MW_g_mol | Q2: min (energy) | R2: max (energy) | S2: center of range | T2: goodness coefficient (normalized by the center of the best range)
A3: 41 | B3: 2018[ZnMo][qtz]3[ION]2 | C3: 0.042229035 | D3: 1.1813023 | E3: 0.25658774 | F3: =MID(B3,6,P3-6) -> ZnMo | G3: qtz | H3: 2.07929 | I3: 3.78303 | J3: 6.0504 | K3: 2445.48 | L3: 0.50178 | M3: 0.241323 | N3: 3986.976 | P3: =FIND("]",B3) -> 10 | Q3: -10.65 | R3: -9.882 | S3: =Q3+(R3-Q3)/2 -> -10.266 | T3: =S3/(-37.73) -> 0.27209117
A4: 40 | B4: 2018[ZnMo][qtz]3[ION]1 | C4: 0.042229035 | D4: 1.1813023 | E4: 0.25658774 | F4: =MID(B4,6,P4-6) -> ZnMo | G4: qtz | H4: 2.07929 | I4: 3.78303 | J4: 6.0504 | K4: 2445.48 | L4: 0.50178 | M4: 0.241323 | N4: 3986.976 | P4: =FIND("]",B4) -> 10 | Q4: -6.637 | R4: -5.154 | S4: =Q4+(R4-Q4)/2 -> -5.8955 | T4: =S4/(-37.73) -> 0.15625497
A5: 65 | B5: 2019[Tb][she]3[ION]1 | C5: -0.017697735 | D5: 1.0148608 | E5: 0.34554432 | F5: =MID(B5,6,P5-6) -> Tb | G5: she | H5: 0.595012 | I5: 8.51123 | J5: 20.86689 | K5: 3810.29 | L5: 0.79738 | M5: 1.34011 | N5: 14806.32 | P5: =FIND("]",B5) -> 8
A6: 79 | B6: 2020[UEu][nan]3[ION]1 | C6: 0.0095894173 | D6: 0.88693022 | E6: 0.1644739 | F6: =MID(B6,6,P6-6) -> UEu | G6: nan | H6: 2.73059 | I6: 2.44956 | J6: 5.76815 | K6: 2569.7 | L6: 0.38354 | M6: 0.14046 | N6: 2981 | P6: =FIND("]",B6) -> 9
A7: 14 | B7: 2015[Zn][hww]3[ION]4 | C7: -0.068104588 | D7: 0.83554112 | E7: 0.37976823 | F7: =MID(B7,6,P7-6) -> Zn | G7: hww | H7: 0.708452 | I7: 10.97379 | J7: 12.38306 | K7: 4108.57 | L7: 0.74206 | M7: 1.04744 | N7: 4332.72 | P7: =FIND("]",B7) -> 8
A8: 15 | B8: 2015[Zn][hww]3[ION]5 | C8: -0.097513225 | D8: 0.7726714 | E8: 0.37493653 | F8: =MID(B8,6,P8-6) -> Zn | G8: hww | H8: 0.68985 | I8: 11.81293 | J8: 12.33521 | K8: 4173.96 | L8: 0.74628 | M8: 1.0818 | N8: 4384.796 | P8: =FIND("]",B8) -> 8
A9: 11 | B9: 2015[Zn][hww]3[ION]1 | C9: -0.0044156895 | D9: 0.7311959 | E9: 0.39748552 | F9: =MID(B9,6,P9-6) -> Zn | G9: hww | H9: 0.860339 | I9: 8.30648 | J9: 9.45178 | K9: 4054.92 | L9: 0.6893 | M9: 0.801196 | N9: 3888.4 | P9: =FIND("]",B9) -> 8
A10: 24 | B10: 2017[Ag][nan]2[ION]2 | C10: -0.070992782 | D10: 0.73091772 | E10: 0.45973663 | F10: =MID(B10,6,P10-6) -> Ag | G10: nan | H10: 1.07134 | I10: 12.4101 | J10: 15.0451 | K10: 4092.47 | L10: 0.61478 | M10: 0.573842 | N10: 4399.468 | P10: =FIND("]",B10) -> 8
A11: 67 | B11: 2019[YK][nan]3[ION]1 | C11: 0.054961627 | D11: 0.72315107 | E11: 0.1289693 | F11: =MID(B11,6,P11-6) -> YK | G11: nan | H11: 1.66843 | I11: 3.69279 | J11: 4.85328 | K11: 2860.99 | L11: 0.38562 | M11: 0.231128 | N11: 17802.976 | P11: =FIND("]",B11) -> 8
A12: 16 | B12: 2015[Zn][hwx]3[ION]1 | C12: -0.028398453 | D12: 0.66168979 | E12: 0.39228249 | F12: =MID(B12,6,P12-6) -> Zn | G12: hwx | H12: 0.841511 | I12: 8.50309 | J12: 8.98014 | K12: 4147.28 | L12: 0.69634 | M12: 0.827487 | N12: 3796.344 | P12: =FIND("]",B12) -> 8
A13: 13 | B13: 2015[Zn][hww]3[ION]3 | C13: -0.11195572 | D13: 0.65718133 | E13: 0.36963449 | F13: =MID(B13,6,P13-6) -> Zn | G13: hww | H13: 0.722395 | I13: 5.323 | J13: 7.27167 | K13: 4109.5 | L13: 0.74062 | M13: 1.02523 | N13: 4232.6 | P13: =FIND("]",B13) -> 8
A14: 12 | B14: 2015[Zn][hww]3[ION]2 | C14: -0.011093731 | D14: 0.64725146 | E14: 0.39387979 | F14: =MID(B14,6,P14-6) -> Zn | G14: hww | H14: 0.861385 | I14: 8.41653 | J14: 8.93966 | K14: 4111.98 | L14: 0.68134 | M14: 0.790982 | N14: 3988.52 | P14: =FIND("]",B14) -> 8
A15: 23 | B15: 2017[Ag][nan]2[ION]1 | C15: -0.10017479 | D15: 0.62317211 | E15: 0.46323641 | F15: =MID(B15,6,P15-6) -> Ag | G15: nan | H15: 1.16268 | I15: 12.60572 | J15: 15.22274 | K15: 4120.67 | L15: 0.58414 | M15: 0.50241 | N15: 4996.144 | P15: =FIND("]",B15) -> 8
A16: 25 | B16: 2017[Ag][nan]2[ION]3 | C16: -0.09699955 | D16: 0.6006266 | E16: 0.45970282 | F16: =MID(B16,6,P16-6) -> Ag | G16: nan | H16: 1.14369 | I16: 12.49997 | J16: 15.09274 | K16: 4147.83 | L16: 0.58488 | M16: 0.511397 | N16: 4667.788 | P16: =FIND("]",B16) -> 8
... A24: 90 | B24: 2022[CuSi][ith]3[ION]1 | C24: 0.082837013 | D24: 0.091462726 | E24: 0.3738889 | F24: =MID(B24,6,P24-6) -> CuSi | G24: ith | H24: 0.993357 | I24: 2.63507 | J24: 11.42007 | K24: 4324.67 | L24: 0.61038 | M24: 0.614462 | N24: 3051.516 | P24: =FIND("]",B24) -> 10
A25: 20 | B25: 2016[La][sql]2[ION]1 | C25: 0.054703837 | D25: 0.066589646 | E25: 0.040224492 | F25: =MID(B25,6,P25-6) -> La | G25: sql | H25: 2.14744 | I25: 2.63172 | J25: 3.24922 | K25: 3303.47 | L25: 0.3395 | M25: 0.158095 | N25: 1014.836 | P25: =FIND("]",B25) -> 8 | Q25: n/a | R25: n/a
A26: 78 | B26: 2020[ReAg][pts]3[ION]1 | C26: 0.10592392 | D26: -0.021396946 | E26: 0.099557021 | F26: =MID(B26,6,P26-6) -> ReAg | G26: pts | H26: 1.87154 | I26: 2.2934 | J26: 4.48602 | K26: 3523.71 | L26: 0.4365 | M26: 0.23323 | N26: 812.724 | P26: =FIND("]",B26) -> 10 | Q26: n/a | R26: n/a
A27: 97 | B27: 2023[GaNi][cds]3[ION]1 | C27: 0.014239387 | D27: -0.04499165 | E27: 0.3423655 | F27: =MID(B27,6,P27-6) -> GaNi | G27: cds | H27: 0.854661 | I27: 5.11275 | J27: 7.93398 | K27: 4801.3 | L27: 0.62918 | M27: 0.736175 | N27: 8470.52 | P27: =FIND("]",B27) -> 10
A28: 1 | B28: 2009[Zn][sql]2[ION]1 | C28: -0.033760226 | D28: -0.060986825 | E28: 0.32796159 | F28: =MID(B28,6,P28-6) -> Zn | G28: sql | H28: 0.883366 | I28: 4.40897 | J28: 7.92601 | K28: 5260.41 | L28: 0.60494 | M28: 0.684813 | N28: 1683.308 | P28: =FIND("]",B28) -> 8
A29: 100 | B29: 2024[Cd][hcb]2[ION]1 | C29: -0.029070191 | D29: -0.077889494 | E29: 0.32943952 | F29: =MID(B29,6,P29-6) -> Cd | G29: hcb | H29: 0.932106 | I29: 3.675 | J29: 6.53373 | K29: 5102.82 | L29: 0.63438 | M29: 0.680588 | N29: 1850.98 | P29: =FIND("]",B29) -> 8
A30: 39 | B30: 2018[Tb][kgd]2[ION]1 | C30: 0.10643217 | D30: -0.089998163 | E30: 0.090531167 | F30: =MID(B30,6,P30-6) -> Tb | G30: kgd | H30: 1.72 | I30: 2.70519 | J30: 3.97658 | K30: 3564 | L30: 0.43284 | M30: 0.251651 | N30: 987.22 | P30: =FIND("]",B30) -> 8
A31: 36 | B31: 2018[Dy][kgd]2[ION]1 | C31: 0.10917798 | D31: -0.091110547 | E31: 0.090720951 | F31: =MID(B31,6,P31-6) -> Dy | G31: kgd | H31: 1.72972 | I31: 2.5891 | J31: 4.23845 | K31: 3559.54 | L31: 0.42908 | M31: 0.248063 | N31: 673.402 | P31: =FIND("]",B31) -> 8
A32: 50 | B32: 2019[Eu][flu]3[ION]1 | C32: 0.089238488 | D32: -0.11392699 | E32: 0.29138433 | F32: =MID(B32,6,P32-6) -> Eu | G32: flu | H32: 1.24605 | I32: 6.32609 | J32: 7.02294 | K32: 4115.42 | L32: 0.54276 | M32: 0.435584 | N32: 1746.726 | P32: =FIND("]",B32) -> 8
A33: 60 | B33: 2019[Sm][flu]3[ION]1 | C33: 0.09452145 | D33: -0.12630256 | E33: 0.28748435 | F33: =MID(B33,6,P33-6) -> Sm | G33: flu | H33: 1.25972 | I33: 6.14509 | J33: 7.08004 | K33: 4104.57 | L33: 0.53942 | M33: 0.428205 | N33: 1442.798 | P33: =FIND("]",B33) -> 8
A34: 38 | B34: 2018[Gd][kgd]2[ION]1 | C34: 0.10742296 | D34: -0.14324535 | E34: 0.081345569 | F34: =MID(B34,6,P34-6) -> Gd | G34: kgd | H34: 1.73173 | I34: 2.5676 | J34: 3.93796 | K34: 3582.16 | L34: 0.42522 | M34: 0.245547 | N34: 673.402 | P34: =FIND("]",B34) -> 8
A35: 70 | B35: 2019[Yb][sqc]3[ION]1 | C35: 0.11196074 | D35: -0.1516933 | E35: 0.22666735 | F35: =MID(B35,6,P35-6) -> Yb | G35: sqc | H35: 1.42531 | I35: 5.45574 | J35: 6.45783 | K35: 3891.2 | L35: 0.4933 | M35: 0.3461 | N35: 1442.798 | P35: =FIND("]",B35) -> 8
A36: 57 | B36: 2019[Nd][flu]3[ION]1 | C36: 0.097352839 | D36: -0.17661636 | E36: 0.28221365 | F36: =MID(B36,6,P36-6) -> Nd | G36: flu | H36: 1.23327 | I36: 5.74228 | J36: 6.78156 | K36: 4152.28 | L36: 0.54546 | M36: 0.442289 | N36: 1442.798 | P36: =FIND("]",B36) -> 8
A37: 99 | B37: 2023[U][hcb]2[ION]1 | C37: 0.098354607 | D37: -0.220857 | E37: 0.056926967 | F37: =MID(B37,6,P37-6) -> U | G37: hcb | H37: 1.95256 | I37: 2.21966 | J37: 3.34285 | K37: 3594.96 | L37: 0.41178 | M37: 0.210893 | N37: 1409.184 | P37: =FIND("]",B37) -> 7
A38: 75 | B38: 2020[Cu][sql]2[ION]1 | C38: -0.025143868 | D38: -0.24325487 | E38: 0.28284671 | F38: =MID(B38,6,P38-6) -> Cu | G38: sql | H38: 1.01354 | I38: 4.27647 | J38: 5.50048 | K38: 5376.98 | L38: 0.55228 | M38: 0.544902 | N38: 2292.1 | P38: =FIND("]",B38) -> 8
... A100: 68 | B100: 2019[Y][sqc]3[ION]1 | C100: 0.13602734 | D100: -1.0594733 | E100: 0.12294165 | F100: =MID(B100,6,P100-6) -> Y | G100: sqc | H100: 1.40393 | I100: 3.6031 | J100: 5.51268 | K100: 4710.61 | L100: 0.39856 | M100: 0.28389 | N100: 1495.206 | P100: =FIND("]",B100) -> 7
A101: 48 | B101: 2019[Cu][sql]2[ION]1 | C101: 0.14925258 | D101: -1.0916486 | E101: 0.099557041 | F101: =MID(B101,6,P101-6) -> Cu | G101: sql | H101: 1.44613 | I101: 2.94298 | J101: 4.75381 | K101: 4550.02 | L101: 0.40488 | M101: 0.279975 | N101: 1360.082 | P101: =FIND("]",B101) -> 8 | Q101: n/a | R101: n/a
A102: 30 | B102: 2017[In][kgd]2[ION]1 | C102: 0.14757322 | D102: -1.1006208 | E102: 0.085558476 | F102: =MID(B102,6,P102-6) -> In | G102: kgd | H102: 1.49968 | I102: 3.11886 | J102: 4.87876 | K102: 4467.34 | L102: 0.38342 | M102: 0.255668 | N102: 4874.364 | P102: =FIND("]",B102) -> 8 | Q102: n/a | R102: n/a

Sheet NCR_BatchB
E1: =MAX(E3:E3694) -> 0.90035121
A2: Serial | B2: name | C2: OCSVM (nu=0.15) | D2: SVM(C=1.0) | E2: SVR(C=1.0) | F2: Density | G2: PLD | H2: LCD | I2: GSA | J2: Void_Fraction | K2: Pore_Volume | L2: UnitCell_MW_g_mol | O2: min (energy) | P2: max (energy) | Q2: center of range | R2: goodness coefficient (normalized by the center of the best range)
A3: 2773 | B3: ic6b02413_si_002_2_FSR_pacman | C3: 0.050271001 | D3: 1.4364215 | E3: 0.42845444 | F3: 0.989594 | G3: 5.93433 | H3: 13.64653 | I3: 2799.06 | J3: 0.70388 | K3: 0.711282 | L3: 9956.496 | O3: -19.5 | P3: -19.44 | Q3: =O3+(P3-O3)/2 -> -19.47 | R3: =Q3/(-37.73) -> 0.51603499
A4: 2772 | B4: ic6b02413_si_002_2_ASR_pacman | C4: 0.050271001 | D4: 1.4364215 | E4: 0.42845444 | F4: 0.989594 | G4: 5.93433 | H4: 13.64653 | I4: 2799.06 | J4: 0.70388 | K4: 0.711282 | L4: 9956.496 | O4: -19.97 | P4: -19.91 | Q4: =O4+(P4-O4)/2 -> -19.94 | R4: =Q4/(-37.73) -> 0.52849192
A5: 2959 | B5: ja510525s_si_002_FSR_pacman | C5: 0.066805477 | D5: 1.4358527 | E5: 0.42414599 | F5: 1.08186 | G5: 5.07236 | H5: 12.04251 | I5: 2832.29 | J5: 0.67468 | K5: 0.623629 | L5: 3084.225 | O5: -28.08 | P5: -28 | Q5: =O5+(P5-O5)/2 -> -28.04 | R5: =Q5/(-37.73) -> 0.74317519
A6: 2958 | B6: ja510525s_si_002_ASR_pacman | C6: 0.066805477 | D6: 1.4358527 | E6: 0.42414599 | F6: 1.08186 | G6: 5.07236 | H6: 12.04251 | I6: 2832.29 | J6: 0.67468 | K6: 0.623629 | L6: 3084.225 | O6: -27.99 | P6: -27.93 | Q6: =O6+(P6-O6)/2 -> -27.96 | R6: =Q6/(-37.73) -> 0.74105486
A7: 2147 | B7: d1dt02515e2_1_FSR_pacman | C7: 0.036764379 | D7: 1.4316321 | E7: 0.39148316 | F7: 1.13211 | G7: 6.42748 | H7: 9.60663 | I7: 2838.88 | J7: 0.69104 | K7: 0.610402 | L7: 2453.572
A8: 2258 | B8: d2cc03575h2_FSR_pacman | C8: 0.067740131 | D8: 1.4311083 | E8: 0.44056069 | F8: 0.86656 | G8: 9.73342 | H8: 17.00966 | I8: 3055.67 | J8: 0.72274 | K8: 0.834033 | L8: 3361.015
A9: 2146 | B9: d1dt02515e2_1_ASR_pacman | C9: 0.026753175 | D9: 1.4294824 | E9: 0.39060607 | F9: 1.10934 | G9: 6.62749 | H9: 9.91169 | I9: 2781.58 | J9: 0.70092 | K9: 0.631833 | L9: 2389.576
A10: 3551 | B10: ja9b06711_si_003_ASR_pacman | C10: 0.024859213 | D10: 1.4286674 | E10: 0.39531775 | F10: 0.889411 | G10: 7.43761 | H10: 12.69089 | I10: 3024.68 | J10: 0.73608 | K10: 0.827604 | L10: 7275.462
A11: 2991 | B11: ja512311a_si_010_ASR_pacman | C11: 0.029629475 | D11: 1.424144 | E11: 0.39606314 | F11: 0.865416 | G11: 7.69561 | H11: 11.54469 | I11: 3058.76 | J11: 0.71776 | K11: 0.829382 | L11: 10016.515
A12: 2992 | B12: ja512311a_si_010_FSR_pacman | C12: 0.029629475 | D12: 1.424144 | E12: 0.39606314 | F12: 0.865416 | G12: 7.69561 | H12: 11.54469 | I12: 3058.76 | J12: 0.71776 | K12: 0.829382 | L12: 10016.515
A13: 3283 | B13: ja7b09496_si_008_FSR_pacman | C13: 0.020176222 | D13: 1.4227965 | E13: 0.3909049 | F13: 1.03544 | G13: 8.11403 | H13: 9.87101 | I13: 2870.93 | J13: 0.70702 | K13: 0.682818 | L13: 3582.708
A14: 2305 | B14: d2dt04043c2_ASR_pacman | C14: 0.094684651 | D14: 1.4215959 | E14: 0.47721764 | F14: 1.15751 | G14: 9.30686 | H14: 13.99382 | I14: 2941.89 | J14: 0.64294 | K14: 0.555451 | L14: 9474.608
A15: 1656 | B15: cm6b02817_si_003_FSR_pacman | C15: 0.084665955 | D15: 1.4204053 | E15: 0.41039449 | F15: 1.38426 | G15: 5.71864 | H15: 10.61307 | I15: 2695.68 | J15: 0.63692 | K15: 0.460117 | L15: 7949.696
A16: 1655 | B16: cm6b02817_si_003_ASR_pacman | C16: 0.084665955 | D16: 1.4204053 | E16: 0.41039449 | F16: 1.38426 | G16: 5.71864 | H16: 10.61307 | I16: 2695.68 | J16: 0.63692 | K16: 0.460117 | L16: 7949.696
A17: 646 | B17: c6ta10785k2_2_ASR_pacman | C17: 0.048767082 | D17: 1.4200715 | E17: 0.39333649 | F17: 1.07093 | G17: 5.11171 | H17: 9.81496 | I17: 2858.22 | J17: 0.67322 | K17: 0.628633 | L17: 2139.144
A18: 647 | B18: c6ta10785k2_2_FSR_pacman | C18: 0.048767082 | D18: 1.4200715 | E18: 0.39333649 | F18: 1.07093 | G18: 5.11171 | H18: 9.81496 | I18: 2858.22 | J18: 0.67322 | K18: 0.628633 | L18: 2139.144
... A1710: 2346 | B1710: d2sc00188h2_5_FSR_pacman | C1710: 0.074754346 | D1710: 0.80047145 | E1710: 0.40234781 | F1710: 1.05079 | G1710: 6.99847 | H1710: 9.55353 | I1710: 3753.45 | J1710: 0.63124 | K1710: 0.600728 | L1710: 3791.202
A1711: 3652 | B1711: jp8b09178_si_007_FSR_pacman | C1711: -0.0059620678 | D1711: 0.79914751 | E1711: 0.41074078 | F1711: 0.487583 | G1711: 28.06898 | H1711: 29.87417 | I1711: 3411.27 | J1711: 0.8299 | K1711: 1.70207 | L1711: 6733.38 | O1711: -11.79 | P1711: -11.66 | Q1711: =O1711+(P1711-O1711)/2 -> -11.725 | R1711: =Q1711/(-37.73) -> 0.31076067
A1712: 3651 | B1712: jp8b09178_si_007_ASR_pacman | C1712: -0.0059620678 | D1712: 0.79914751 | E1712: 0.41074078 | F1712: 0.487583 | G1712: 28.06898 | H1712: 29.87417 | I1712: 3411.27 | J1712: 0.8299 | K1712: 1.70207 | L1712: 6733.38 | O1712: -16.05 | P1712: -15.97 | Q1712: =O1712+(P1712-O1712)/2 -> -16.01 | R1712: =Q1712/(-37.73) -> 0.42433077
A1713: 3456 | B1713: ja8b12530_si_001_3_FSR_pacman | C1713: -0.051475332 | D1713: 0.7984196 | E1713: 0.43128795 | F1713: 0.534284 | G1713: 29.3367 | H1713: 30.79071 | I1713: 3455.04 | J1713: 0.80936 | K1713: 1.51485 | L1713: 6457.719 | O1713: -13.87 | P1713: -13.77 | Q1713: =O1713+(P1713-O1713)/2 -> -13.82 | R1713: =Q1713/(-37.73) -> 0.36628677
A1714: 2874 | B1714: ja0c10367_si_003_ASR_pacman | C1714: -0.25164298 | D1714: 0.79767968 | E1714: 0.70551347 | F1714: 0.634898 | G1714: 29.24165 | H1714: 29.81015 | I1714: 2745.12 | J1714: 0.81732 | K1714: 1.28732 | L1714: 6417 | O1714: -34.18 | P1714: -34.12 | Q1714: =O1714+(P1714-O1714)/2 -> -34.15 | R1714: =Q1714/(-37.73) -> 0.90511529
A1715: 1671 | B1715: cm9b01258_si_005_FSR_pacman | C1715: -0.20383901 | D1715: 0.79764353 | E1715: 0.34902047 | F1715: 2.57038 | G1715: 3.72007 | H1715: 8.3558 | I1715: 1519.78 | J1715: 0.47636 | K1715: 0.185327 | L1715: 4842.024
A1716: 802 | B1716: c7dt02231j2_2_FSR_pacman | C1716: 0.051466871 | D1716: 0.79755888 | E1716: 0.40381055 | F1716: 1.00472 | G1716: 7.66578 | H1716: 9.38848 | I1716: 3823.59 | J1716: 0.64704 | K1716: 0.643997 | L1716: 10248.544
A1717: 2852 | B1717: ja0c07081_si_004_ASR_pacman | C1717: -0.25401642 | D1717: 0.79681393 | E1717: 0.55507386 | F1717: 0.791145 | G1717: 16.17958 | H1717: 22.3583 | I1717: 2092.26 | J1717: 0.78832 | K1717: 0.996429 | L1717: 3702.272
A1718: 1259 | B1718: c8ta02794c2_2_ASR_pacman | C1718: 0.056607458 | D1718: 0.79653689 | E1718: 0.13666703 | F1718: 1.91474 | G1718: 3.73243 | H1718: 3.95711 | I1718: 2867.45 | J1718: 0.4268 | K1718: 0.222902 | L1718: 1834.568
A1719: 633 | B1719: c6sc05012c2_FSR_pacman | C1719: -0.031669107 | D1719: 0.7955919 | E1719: 0.13793729 | F1719: 2.08763 | G1719: 3.12468 | H1719: 3.97172 | I1719: 2554.43 | J1719: 0.34368 | K1719: 0.164627 | L1719: 332.861
A1720: 632 | B1720: c6sc05012c2_ASR_pacman | C1720: -0.031669107 | D1720: 0.7955919 | E1720: 0.13793729 | F1720: 2.08763 | G1720: 3.12468 | H1720: 3.97172 | I1720: 2554.43 | J1720: 0.34368 | K1720: 0.164627 | L1720: 332.861
A1721: 1233 | B1721: c8qm00105g2_ASR_pacman | C1721: 0.065720228 | D1721: 0.79539797 | E1721: 0.40486142 | F1721: 0.9892 | G1721: 3.86632 | H1721: 10.47726 | I1721: 3757.18 | J1721: 0.65536 | K1721: 0.662515 | L1721: 1714.137
A1722: 889 | B1722: c7qi00615b2_2_ASR_pacman | C1722: 0.082514224 | D1722: 0.79533908 | E1722: 0.33848664 | F1722: 1.17943 | G1722: 7.10527 | H1722: 7.22899 | I1722: 3464.79 | J1722: 0.56564 | K1722: 0.479586 | L1722: 988.193
A1723: 890 | B1723: c7qi00615b2_2_FSR_pacman | C1723: 0.082514224 | D1723: 0.79533908 | E1723: 0.33848664 | F1723: 1.17943 | G1723: 7.10527 | H1723: 7.22899 | I1723: 3464.79 | J1723: 0.56564 | K1723: 0.479586 | L1723: 988.193
A1724: 3455 | B1724: ja8b12530_si_001_3_ASR_pacman | C1724: -0.047864064 | D1724: 0.79476564 | E1724: 0.43760565 | F1724: 0.519576 | G1724: 29.3367 | H1724: 30.79071 | I1724: 3415.84 | J1724: 0.81526 | K1724: 1.56909 | L1724: 6265.731
A1725: 391 | B1725: am9b14121_si_001_1_ASR_pacman | C1725: 0.037785419 | D1725: 0.79063522 | E1725: 0.3802717 | F1725: 0.954122 | G1725: 4.82287 | H1725: 8.27019 | I1725: 3760.46 | J1725: 0.66612 | K1725: 0.69815 | L1725: 10231.784
A1726: 371 | B1726: am9b00872_si_002_ASR_pacman | C1726: -0.22898624 | D1726: 0.78930873 | E1726: 0.30833118 | F1726: 3.47669 | G1726: 3.71172 | H1726: 5.09899 | I1726: 1572.68 | J1726: 0.43944 | K1726: 0.126396 | L1726: 1571.588
... A3692: 822 | B3692: c7dt02800h2_3_ion_pacman | C3692: 0.13217943 | D3692: -1.1265725 | E3692: 0.06860342 | F3692: 1.51855 | G3692: 1.30531 | H3692: 2.85036 | I3692: 4680.54 | J3692: 0.37134 | K3692: 0.244535 | L3692: 8595.6
A3693: 580 | B3693: c6ce00407e7_ASR_pacman | C3693: -0.77771405 | D3693: -1.1556822 | E3693: 0.90035121 | F3693: 0.207465 | G3693: 15.95479 | H3693: 33.68342 | I3693: 4888.62 | J3693: 0.90886 | K3693: 4.3808 | L3693: 10846.176 | O3693: -37.75 | P3693: -37.71 | Q3693: =O3693+(P3693-O3693)/2 -> -37.73 | R3693: =Q3693/(-37.73) -> 1
A3694: 581 | B3694: c6ce00407e7_FSR_pacman | C3694: -0.77771405 | D3694: -1.1556822 | E3694: 0.90035121 | F3694: 0.207465 | G3694: 15.95479 | H3694: 33.68342 | I3694: 4888.62 | J3694: 0.90886 | K3694: 4.3808 | L3694: 10846.176 | O3694: -37.62 | P3694: -37.62 | Q3694: =O3694+(P3694-O3694)/2 -> -37.62 | R3694: =Q3694/(-37.73) -> 0.99708455

Sheet Occupancy_BatchB
E1: =MAX(E3:E311) -> 0.4917269
A2: Serial | B2: name | C2: OCSVM (nu=0.15) | D2: SVM(C=1.0) | E2: SVR(C=1.0) | F2: Density | G2: PLD | H2: LCD | I2: GSA | J2: Void_Fraction | K2: Pore_Volume | L2: UnitCell_MW_g_mol | O2: min (energy) | P2: max (energy) | Q2: center of range | R2: goodness coefficient (normalized by the center of the best range)
A3: 254 | B3: ja7b04532_si_002_FSR_pacman | C3: 0.069003863 | D3: 1.4515926 | E3: 0.44056351 | F3: 0.996126 | G3: 7.37756 | H3: 14.79124 | I3: 2908.87 | J3: 0.70926 | K3: 0.712018 | L3: 1985.016 | O3: -8.923 | P3: -7.042 | Q3: =O3+(P3-O3)/2 -> -7.9825 | R3: =Q3/(-37.73) -> 0.21156904
A4: 38 | B4: c5dt03091a2_2_FSR_pacman | C4: 0.065277877 | D4: 1.3863938 | E4: 0.42444978 | F4: 0.941723 | G4: 7.05673 | H4: 13.1277 | I4: 3276.1 | J4: 0.70936 | K4: 0.753257 | L4: 8743.968 | O4: -13.75 | P4: -11.25 | Q4: =O4+(P4-O4)/2 -> -12.5 | R4: =Q4/(-37.73) -> 0.33130135
A5: 39 | B5: c5dt03091a2_3_FSR_pacman | C5: 0.068919133 | D5: 1.3792128 | E5: 0.42710107 | F5: 0.9378 | G5: 7.21319 | H5: 13.22023 | I5: 3297.81 | J5: 0.70628 | K5: 0.753124 | L5: 14342.912
A6: 37 | B6: c5dt03091a2_1_FSR_pacman | C6: 0.054162437 | D6: 1.3197009 | E6: 0.41597997 | F6: 0.877341 | G6: 7.45136 | H6: 13.4706 | I6: 3442.79 | J6: 0.7207 | K6: 0.821459 | L6: 8743.968
A7: 238 | B7: ja205976v_si_004_ASR_pacman | C7: 0.085978498 | D7: 1.3179839 | E7: 0.3683493 | F7: 1.40681 | G7: 7.6745 | H7: 8.85712 | I7: 2623.34 | J7: 0.55644 | K7: 0.395532 | L7: 3328.056
A8: 239 | B8: ja205976v_si_004_FSR_pacman | C8: 0.085978498 | D8: 1.3179839 | E8: 0.3683493 | F8: 1.40681 | G8: 7.6745 | H8: 8.85712 | I8: 2623.34 | J8: 0.55644 | K8: 0.395532 | L8: 3328.056
A9: 297 | B9: ja9b11429_si_002_FSR_pacman | C9: -0.018971734 | D9: 1.2757882 | E9: 0.34255336 | F9: 0.623695 | G9: 9.40509 | H9: 17.56744 | I9: 3244.1 | J9: 0.78866 | K9: 1.2645 | L9: 2482.218
A10: 253 | B10: ja7b04532_si_002_ASR_pacman | C10: -0.052723292 | D10: 1.2638774 | E10: 0.39056222 | F10: 0.83887 | G10: 7.37756 | H10: 16.49393 | I10: 2603.17 | J10: 0.7771 | K10: 0.926365 | L10: 1473.048
A11: 110 | B11: c9cc08206a2_2_ASR_pacman | C11: 0.054736364 | D11: 1.2314137 | E11: 0.28043087 | F11: 1.7134 | G11: 5.52643 | H11: 6.05033 | I11: 2498.57 | J11: 0.52184 | K11: 0.304563 | L11: 3112.888
A12: 296 | B12: ja9b11429_si_002_ASR_pacman | C12: -0.024603261 | D12: 1.2200645 | E12: 0.33214393 | F12: 0.606688 | G12: 9.40509 | H12: 17.56744 | I12: 3382.65 | J12: 0.79454 | K12: 1.30963 | L12: 2386.224
A13: 287 | B13: ja9b04737_si_006_FSR_pacman | C13: -0.063852469 | D13: 1.2199454 | E13: 0.42793917 | F13: 0.980555 | G13: 13.44814 | H13: 13.97389 | I13: 2691.39 | J13: 0.7489 | K13: 0.763751 | L13: 2786.104
A14: 268 | B14: ja7b09973_si_002_2_ASR_pacman | C14: -0.067275233 | D14: 1.2165157 | E14: 0.35030863 | F14: 0.656444 | G14: 8.05787 | H14: 11.5693 | I14: 3460.46 | J14: 0.76304 | K14: 1.16238 | L14: 2064.544
A15: 205 | B15: d2sc05192c2_ASR_pacman | C15: 0.079794916 | D15: 1.2114775 | E15: 0.34361343 | F15: 1.29084 | G15: 4.02108 | H15: 7.57139 | I15: 3040.72 | J15: 0.60486 | K15: 0.468578 | L15: 7132.368
A16: 258 | B16: ja7b04532_si_005_ASR_pacman | C16: -0.016896572 | D16: 1.2106488 | E16: 0.37629027 | F16: 0.759131 | G16: 8.1262 | H16: 10.97432 | I16: 3544.89 | J16: 0.74078 | K16: 0.975827 | L16: 6157.816
... A211: 179 | B211: d0dt00794c2_2_FSR_pacman | C211: 0.1014443 | D211: 0.021941264 | E211: 0.28686237 | F211: 1.17786 | G211: 5.11422 | H211: 6.61424 | I211: 3981.38 | J211: 0.55558 | K211: 0.471686 | L211: 4675.856
A212: 2 | B212: am0c02121_si_002_1_ion_pacman | C212: 0.11478531 | D212: 0.0064579471 | E212: 0.15270103 | F212: 1.58823 | G212: 4.40283 | H212: 5.38384 | I212: 3600.39 | J212: 0.44992 | K212: 0.283284 | L212: 1108.88 | O212: n/a | P212: n/a
A213: 167 | B213: d0cc03472j2_2_ASR_pacman | C213: 0.11332824 | D213: -0.0042416185 | E213: 0.2026952 | F213: 1.5636 | G213: 5.40258 | H213: 6.81956 | I213: 3688.02 | J213: 0.45864 | K213: 0.293323 | L213: 2366.396 | O213: -20.51 | P213: -17.47 | Q213: =O213+(P213-O213)/2 -> -18.99 | R213: =Q213/(-37.73) -> 0.50331301
A214: 168 | B214: d0cc03472j2_2_FSR_pacman | C214: 0.11332824 | D214: -0.0042416185 | E214: 0.2026952 | F214: 1.5636 | G214: 5.40258 | H214: 6.81956 | I214: 3688.02 | J214: 0.45864 | K214: 0.293323 | L214: 2366.396
A215: 158 | B215: cm0c01737_si_005_117_FSR_pacman | C215: 0.059269126 | D215: -0.017289613 | E215: 0.2703059 | F215: 1.33062 | G215: 4.42216 | H215: 4.54354 | I215: 4014.72 | J215: 0.58206 | K215: 0.437435 | L215: 610.422
A216: 157 | B216: cm0c01737_si_005_117_ASR_pacman | C216: 0.059269126 | D216: -0.017289613 | E216: 0.2703059 | F216: 1.33062 | G216: 4.42216 | H216: 4.54354 | I216: 4014.72 | J216: 0.58206 | K216: 0.437435 | L216: 610.422
A217: 46 | B217: c6qi00548a2_ASR_pacman | C217: 0.076146363 | D217: -0.019472828 | E217: 0.31428352 | F217: 1.03097 | G217: 6.05589 | H217: 6.78911 | I217: 4192.98 | J217: 0.579 | K217: 0.561604 | L217: 1995.624
A218: 47 | B218: c6qi00548a2_FSR_pacman | C218: 0.076146363 | D218: -0.019472828 | E218: 0.31428352 | F218: 1.03097 | G218: 6.05589 | H218: 6.78911 | I218: 4192.98 | J218: 0.579 | K218: 0.561604 | L218: 1995.624
A219: 90 | B219: c8dt03215g2_2_ASR_pacman | C219: 0.059484618 | D219: -0.032115385 | E219: 0.35744112 | F219: 0.96161 | G219: 5.45153 | H219: 10.61906 | I219: 4715.54 | J219: 0.60448 | K219: 0.628612 | L219: 7096.29
A220: 91 | B220: c8dt03215g2_2_FSR_pacman | C220: 0.059484618 | D220: -0.032115385 | E220: 0.35744112 | F220: 0.96161 | G220: 5.45153 | H220: 10.61906 | I220: 4715.54 | J220: 0.60448 | K220: 0.628612 | L220: 7096.29
A221: 88 | B221: c8dt01405a2_2_ASR_pacman | C221: 0.087369049 | D221: -0.037462267 | E221: 0.30158857 | F221: 1.10099 | G221: 3.72517 | H221: 6.64119 | I221: 4138.22 | J221: 0.58938 | K221: 0.535316 | L221: 2452.944
A222: 89 | B222: c8dt01405a2_2_FSR_pacman | C222: 0.087369049 | D222: -0.037462267 | E222: 0.30158857 | F222: 1.10099 | G222: 3.72517 | H222: 6.64119 | I222: 4138.22 | J222: 0.58938 | K222: 0.535316 | L222: 2452.944
A223: 4 | B223: am0c02121_si_002_3_ion_pacman | C223: 0.11287889 | D223: -0.041339457 | E223: 0.10617995 | F223: 1.65838 | G223: 3.01201 | H223: 4.55854 | I223: 3551.15 | J223: 0.43438 | K223: 0.261931 | L223: 1108.88
A224: 175 | B224: d0ce01197e2_1_ASR_pacman | C224: 0.11403151 | D224: -0.0426435 | E224: 0.19898461 | F224: 1.54641 | G224: 4.37879 | H224: 5.62379 | I224: 3750.57 | J224: 0.4936 | K224: 0.319191 | L224: 1306.354
A225: 31 | B225: c5ce02367j2_1_ASR_pacman | C225: 0.088364936 | D225: -0.048264231 | E225: 0.28687025 | F225: 1.32651 | G225: 6.71642 | H225: 7.36648 | I225: 3994.82 | J225: 0.52228 | K225: 0.393726 | L225: 17480.784
... A309: 230 | B309: ic801404p_si_001_FSR_pacman | C309: 0.14486325 | D309: -1.0011692 | E309: 0.13634909 | F309: 1.28047 | G309: 2.53121 | H309: 4.93564 | I309: 4665.44 | J309: 0.44772 | K309: 0.349652 | L309: 1412.85
A310: 36 | B310: c5dt00480b2_3_ion_pacman | C310: 0.12193653 | D310: -1.0263261 | E310: 0.13178358 | F310: 1.41256 | G310: 4.51007 | H310: 4.85912 | I310: 4682.98 | J310: 0.4159 | K310: 0.294431 | L310: 1092.816 | O310: n/a | P310: n/a
A311: 98 | B311: c8ra02809e2_ion_pacman | C311: 0.14470127 | D311: -1.1172441 | E311: 0.08330346 | F311: 1.50505 | G311: 2.95617 | H311: 4.03544 | I311: 4532.4 | J311: 0.39272 | K311: 0.260936 | L311: 7148.336 | O311: n/a | P311: n/a

Sheet Stage2EnergyScores
A1: Serial | B1: Name | C1: SVM (C=1.0) | D1: Normalised EnergyScore | E1: PLD | F1: LCD | G1: GSA | H1: Void_Fraction | I1: Pore_Volume | J1: UnitCell_MW_g_mol
A2: 1 | B2: 2022[Zr][lvt]3[ASR]1 | C2: 1.43641 | D2: 0.37993639 | E2: 6.93 | F2: 9.83 | G2: 2836.58 | H2: 0.67 | I2: 0.63 | J2: 5783.264
A3: 6 | B3: 2021[Hf][sqc]3[FSR]1 | C3: 1.4145043 | D3: 0.27391996 | E3: 5.24898 | F3: 9.19603 | G3: 2701.41 | H3: 0.66564 | I3: 0.55315 | J3: 4928.176
A4: 7 | B4: 2021[Eu][fcu]3[FSR]1 | C4: 1.4067707 | D4: 0.34852902 | E4: 7.21484 | F4: 13.70548 | G4: 3102.54 | H4: 0.7491 | I4: 0.91406 | J4: 2600.766
A5: 8 | B5: 2016[Tb][fcu]3[FSR]1 | C5: 1.4058074 | D5: 0.28756957 | E5: 6.94679 | F5: 13.37735 | G5: 3091.16 | H5: 0.74496 | I5: 0.926251 | J5: 2530.89
A6: 9 | B6: 2021[Th][fcu]3[FSR]1 | C6: 1.404015 | D6: 0.26973231 | E6: 7.11938 | F6: 13.67888 | G6: 2784.83 | H6: 0.7428 | I6: 0.79765 | J6: 1665.27
A7: 10 | B7: 2024[Tb][tfz]3[FSR]1 | C7: 1.3998402 | D7: 0.28917307 | E7: 8.8743 | F7: 9.7381 | G7: 2787.98 | H7: 0.70794 | I7: 0.700382 | J7: 4693.076
A8: 2 | B8: 2020[Zn][nan]3[ASR]16 | C8: 1.34962 | D8: 0.34760138 | E8: 11.01 | F8: 11.72 | G8: 2699.02 | H8: 0.67 | I8: 0.55 | J8: 974.574
A9: 3 | B9: 2023[La][pts]3[ASR]1 | C9: 1.3271849 | D9: 0.55115293 | E9: 7.5 | F9: 8.09 | G9: 3001.63 | H9: 0.62 | I9: 0.51 | J9: 870.198
A10: 4 | B10: 2017[Co][nan]3[ASR]5 | C10: 1.2152885 | D10: 0.22895574 | E10: 5.76 | F10: 7.7 | G10: 2945.36 | H10: 0.56 | I10: 0.41 | J10: 1103.976
A11: 15 | B11: 2018[ZnMo][qtz]3[ION]2 | C11: 1.1813023 | D11: 0.27209117 | E11: 3.78303 | F11: 6.0504 | G11: 2445.48 | H11: 0.50178 | I11: 0.241323 | J11: 3986.976
A12: 16 | B12: 2018[ZnMo][qtz]3[ION]1 | C12: 1.1813023 | D12: 0.15625497 | E12: 3.78303 | F12: 6.0504 | G12: 2445.48 | H12: 0.50178 | I12: 0.241323 | J12: 3986.976
A13: 5 | B13: 2018[Ce][csq]3[ASR]1 | C13: 1.0988809 | D13: 0.33249404 | E13: 17.74 | F13: 23.52 | G13: 3476.89 | H13: 0.81 | I13: 1.44 | J13: 5452.68
... A21: 14 | B21: 2017[Ni][hms]3[FSR]1 | C21: -1.1367094 | D21: 0 | E21: 2.34169 | F21: 3.06322 | G21: 4474.05 | H21: 0.37466 | I21: 0.245802 | J21: 2531.988

Sheet Stage2EnergyNTopology
A1: Serial | B1: Name | C1: SVM | D1: Metal | E1: Metal | F1: Topology | G1: Density | H1: PLD | I1: LCD | J1: GSA | K1: Void_Fraction | L1: Pore_Volume | M1: UnitCell_MW_g_mol | N1: EnergyScore
A2: 1 | B2: 2022[Zr][lvt]3[ASR]1 | D2: Zr | E2: Zr | F2: Ivt | G2: 1.07 | H2: 6.93 | I2: 9.83 | J2: 2836.58 | K2: 0.67 | L2: 0.63 | M2: 5783.264 | N2: 0.37993639
A3: 2 | B3: 2020[Zn][nan]3[ASR]16 | D3: Zn | E3: Zn | F3: nan | G3: 1.21 | H3: 11.01 | I3: 11.72 | J3: 2699.02 | K3: 0.67 | L3: 0.55 | M3: 974.574 | N3: 0.34760138
A4: 3 | B4: 2023[La][pts]3[ASR]1 | D4: La | E4: La | F4: pts | G4: 1.21 | H4: 7.5 | I4: 8.09 | J4: 3001.63 | K4: 0.62 | L4: 0.51 | M4: 870.198 | N4: 0.55115293
A5: 4 | B5: 2017[Co][nan]3[ASR]5 | D5: Co | E5: Co | F5: nan | G5: 1.38 | H5: 5.76 | I5: 7.7 | J5: 2945.36 | K5: 0.56 | L5: 0.41 | M5: 1103.976 | N5: 0.22895574
A6: 5 | B6: 2018[Ce][csq]3[ASR]1 | D6: Ce | E6: Ce | F6: csq | G6: 0.56 | H6: 17.74 | I6: 23.52 | J6: 3476.89 | K6: 0.81 | L6: 1.44 | M6: 5452.68 | N6: 0.33249404
A7: 6 | B7: 2021[Hf][sqc]3[FSR]1 | D7: Hf | E7: Hf | F7: sqc | G7: 1.20336 | H7: 5.24898 | I7: 9.19603 | J7: 2701.41 | K7: 0.66564 | L7: 0.55315 | M7: 4928.176 | N7: 0.27391996
A8: 7 | B8: 2021[Eu][fcu]3[FSR]1 | D8: Eu | E8: Eu | F8: fcu | G8: 0.819531 | H8: 7.21484 | I8: 13.70548 | J8: 3102.54 | K8: 0.7491 | L8: 0.91406 | M8: 2600.766 | N8: 0.34852902
A9: 8 | B9: 2016[Tb][fcu]3[FSR]1 | D9: Tb | E9: Tb | F9: fcu | G9: 0.804274 | H9: 6.94679 | I9: 13.37735 | J9: 3091.16 | K9: 0.74496 | L9: 0.926251 | M9: 2530.89 | N9: 0.28756957
A10: 9 | B10: 2021[Th][fcu]3[FSR]1 | D10: Th | E10: Th | F10: fcu | G10: 0.931236 | H10: 7.11938 | I10: 13.67888 | J10: 2784.83 | K10: 0.7428 | L10: 0.79765 | M10: 1665.27 | N10: 0.26973231
A11: 10 | B11: 2024[Tb][tfz]3[FSR]1 | D11: Tb | E11: Tb | F11: tfz | G11: 1.01079 | H11: 8.8743 | I11: 9.7381 | J11: 2787.98 | K11: 0.70794 | L11: 0.700382 | M11: 4693.076 | N11: 0.28917307
A12: 11 | B12: 2020[Pr][nan]3[FSR]1 | D12: Pr | E12: Pr | F12: nan | G12: 1.51667 | H12: 4.38599 | I12: 7.70802 | J12: 3726.02 | K12: 0.4765 | L12: 0.314176 | M12: 4370.904 | N12: 0.77524516
A13: 12 | B13: 2020[Cu][nbo]3[FSR]1 | D13: Cu | E13: Cu | F13: nbo | G13: 0.979363 | H13: 10.00815 | I13: 10.63307 | J13: 4825.08 | K13: 0.57518 | L13: 0.5873 | M13: 1379.844 | N13: 0.3142062
... A16: 15 | B16: 2018[ZnMo][qtz]3[ION]2 | D16: Zn | E16: Zn | F16: qtz | G16: 2.07929 | H16: 3.78303 | I16: 6.0504 | J16: 2445.48 | K16: 0.50178 | L16: 0.241323 | M16: 3986.976 | N16: 0.27209117
D17: Mo | E17: Mo
A18: 16 | B18: 2018[ZnMo][qtz]3[ION]1 | D18: Zn | E18: Zn | F18: qtz | G18: 2.07929 | H18: 3.78303 | I18: 6.0504 | J18: 2445.48 | K18: 0.50178 | L18: 0.241323 | M18: 3986.976 | N18: 0.15625497
B19: 2018[ZnMo][qtz]3[ION]1 | D19: Mo | E19: Mo | M19: 3986.976
A20: 17 | B20: 2016[La][sql]2[ION]1 | D20: La | E20: La | F20: sql | G20: 2.14744 | H20: 2.63172 | I20: 3.24922 | J20: 3303.47 | K20: 0.3395 | L20: 0.158095 | M20: 1014.836 | N20: 0
A21: 18 | B21: 2020[ReAg][pts]3[ION]1 | D21: Re | E21: Re | F21: pts | G21: 1.87154 | H21: 2.2934 | I21: 4.48602 | J21: 3523.71 | K21: 0.4365 | L21: 0.23323 | M21: 812.724 | N21: 0
B22: 2020[ReAg][pts]3[ION]1 | D22: Ag | E22: Ag | M22: 812.724
A23: 19 | B23: 2019[Cu][sql]2[ION]1 | D23: Cu | E23: Cu | F23: sql | G23: 1.44613 | H23: 2.94298 | I23: 4.75381 | J23: 4550.02 | K23: 0.40488 | L23: 0.279975 | M23: 1360.082 | N23: 0
A24: 20 | B24: 2017[In][kgd]2[ION]1 | D24: In | E24: In | F24: kgd | G24: 1.49968 | H24: 3.11886 | I24: 4.87876 | J24: 4467.34 | K24: 0.38342 | L24: 0.255668 | M24: 4874.364 | N24: 0
E25: Fe
E26: Mg
E27: Mn
E28: Cd
E29: U
E30: Lu
E31: Np
E32: Er
E33: Tm
E34: Sc
E35: Al
E36: Ti
... E52: CuSi
D56: NiW | E56: NiW
D57: CuSc | E57: CuSc
D58: NiCo | E58: NiCo
D59: CrZn | E59: CrZn
D60: ZnSi | E60: ZnSi
D61: CeZn | E61: CeZn
D62: ZnCe | E62: ZnCe
D63: ZnTi | E63: ZnTi
D64: ZnCo | E64: ZnCo
D65: ZnFe | E65: ZnFe
D66: ZnGd | E66: ZnGd
D67: GdZn | E67: GdZn

Sheet MetalGroup
B1: =COUNTIFS(coremof_BatchA!G:G,MetalGroup!A1) -> 0 | C1: =COUNTIFS(FSR_BatchB!F:F,MetalGroup!A1) -> 0 | D1: =COUNTIFS(Ion_BatchB!F:F,A1) -> 0 | E1: =SUM(B1:D1) -> 0
B2: =SUM(B5:B136) -> 1372 | C2: =SUM(C5:C136) -> 1192 | D2: =SUM(D5:D136) -> 100
B3: Count
A4: UniqMetal | B4: coremof | C4: coremof_FSR | D4: coremof_ION | E4: Total | F4: Len | G4: EnergyScoreAvlbl | H4: MetalTriedStage_2 | L4: a
A5: V | B5: =COUNTIFS(coremof_BatchA!G:G,MetalGroup!A26) -> 14 | C5: =COUNTIFS(FSR_BatchB!F:F,MetalGroup!A26) -> 10 | D5: =COUNTIFS(Ion_BatchB!F:F,A5) -> 0 | E5: 23 | F5: 1 | G5: 0
A6: Y | B6: =COUNTIFS(coremof_BatchA!G:G,MetalGroup!A29) -> 9 | C6: =COUNTIFS(FSR_BatchB!F:F,MetalGroup!A29) -> 8 | D6: =COUNTIFS(Ion_BatchB!F:F,A6) -> 1 | E6: 14 | F6: 1 | G6: 0
A7: U | B7: =COUNTIFS(coremof_BatchA!G:G,MetalGroup!A32) -> 6 | C7: =COUNTIFS(FSR_BatchB!F:F,MetalGroup!A32) -> 5 | D7: =COUNTIFS(Ion_BatchB!F:F,A7) -> 1 | E7: 11 | F7: 1 | G7: 0
A8: Zn | B8: =COUNTIFS(coremof_BatchA!G:G,MetalGroup!A5) -> 11 | C8: =COUNTIFS(FSR_BatchB!F:F,MetalGroup!A5) -> 12 | D8: =COUNTIFS(Ion_BatchB!F:F,A8) -> 20 | E8: 598 | F8: 2 | G8: 4
A9: Co | B9: =COUNTIFS(coremof_BatchA!G:G,MetalGroup!A6) -> 7 | C9: =COUNTIFS(FSR_BatchB!F:F,MetalGroup!A6) -> 6 | D9: =COUNTIFS(Ion_BatchB!F:F,A9) -> 5 | E9: 380 | F9: 2 | G9: 1
A10: Cu | B10: =COUNTIFS(coremof_BatchA!G:G,MetalGroup!A7) -> 5 | C10: =COUNTIFS(FSR_BatchB!F:F,MetalGroup!A7) -> 5 | D10: =COUNTIFS(Ion_BatchB!F:F,A10) -> 7 | E10: 305 | F10: 2 | G10: 2
A11: Cd | B11: =COUNTIFS(coremof_BatchA!G:G,MetalGroup!A8) -> 304 | C11: =COUNTIFS(FSR_BatchB!F:F,MetalGroup!A8) -> 274 | D11: =COUNTIFS(Ion_BatchB!F:F,A11) -> 11 | E11: 289 | F11: 2 | G11: 0
A12: Ni | B12: =COUNTIFS(coremof_BatchA!G:G,MetalGroup!A9) -> 188 | C12: =COUNTIFS(FSR_BatchB!F:F,MetalGroup!A9) -> 187 | D12: =COUNTIFS(Ion_BatchB!F:F,A12) -> 2 | E12: 104 | F12: 2 | G12: 1
A13: Eu | B13: =COUNTIFS(coremof_BatchA!G:G,MetalGroup!A10) -> 166 | C13: =COUNTIFS(FSR_BatchB!F:F,MetalGroup!A10) -> 132 | D13: =COUNTIFS(Ion_BatchB!F:F,A13) -> 4 | E13: 86 | F13: 2 | G13: 1
A14: Zr | B14: =COUNTIFS(coremof_BatchA!G:G,MetalGroup!A11) -> 145 | C14: =COUNTIFS(FSR_BatchB!F:F,MetalGroup!A11) -> 133 | D14: =COUNTIFS(Ion_BatchB!F:F,A14) -> 0 | E14: 75 | F14: 2 | G14: 1
A15: Mn | B15: =COUNTIFS(coremof_BatchA!G:G,MetalGroup!A12) -> 54 | C15: =COUNTIFS(FSR_BatchB!F:F,MetalGroup!A12) -> 48 | D15: =COUNTIFS(Ion_BatchB!F:F,A15) -> 2 | E15: 68 | F15: 2 | G15: 0
A16: In | B16: =COUNTIFS(coremof_BatchA!G:G,MetalGroup!A13) -> 43 | C16: =COUNTIFS(FSR_BatchB!F:F,MetalGroup!A13) -> 39 | D16: =COUNTIFS(Ion_BatchB!F:F,A16) -> 1 | E16: 51 | F16: 2 | G16: 1
A17: Tb | B17: =COUNTIFS(coremof_BatchA!G:G,MetalGroup!A14) -> 54 | C17: =COUNTIFS(FSR_BatchB!F:F,MetalGroup!A14) -> 21 | D17: =COUNTIFS(Ion_BatchB!F:F,A17) -> 5 | E17: 50 | F17: 2 | G17: 2
A18: Sc | B18: =COUNTIFS(coremof_BatchA!G:G,MetalGroup!A15) -> 36 | C18: =COUNTIFS(FSR_BatchB!F:F,MetalGroup!A15) -> 30 | D18: =COUNTIFS(Ion_BatchB!F:F,A18) -> 0 | E18: 39 | F18: 2 | G18: 0
A19: Fe | B19: =COUNTIFS(coremof_BatchA!G:G,MetalGroup!A16) -> 26 | C19: =COUNTIFS(FSR_BatchB!F:F,MetalGroup!A16) -> 24 | D19: =COUNTIFS(Ion_BatchB!F:F,A19) -> 0 | E19: 35 | F19: 2 | G19: 0
... A28: Gd | B28: =COUNTIFS(coremof_BatchA!G:G,MetalGroup!A25) -> 14 | C28: =COUNTIFS(FSR_BatchB!F:F,MetalGroup!A25) -> 10 | D28: =COUNTIFS(Ion_BatchB!F:F,A28) -> 2 | E28: 24 | F28: 2 | G28: 0
A29: Pr | B29: =COUNTIFS(coremof_BatchA!G:G,MetalGroup!A27) -> 11 | C29: =COUNTIFS(FSR_BatchB!F:F,MetalGroup!A27) -> 10 | D29: =COUNTIFS(Ion_BatchB!F:F,A29) -> 0 | E29: 17 | F29: 2 | G29: 1
A30: Dy | B30: =COUNTIFS(coremof_BatchA!G:G,MetalGroup!A28) -> 12 | C30: =COUNTIFS(FSR_BatchB!F:F,MetalGroup!A28) -> 10 | D30: =COUNTIFS(Ion_BatchB!F:F,A30) -> 2 | E30: 16 | F30: 2 | G30: 0
A31: Th | B31: =COUNTIFS(coremof_BatchA!G:G,MetalGroup!A30) -> 7 | C31: =COUNTIFS(FSR_BatchB!F:F,MetalGroup!A30) -> 7 | D31: =COUNTIFS(Ion_BatchB!F:F,A31) -> 0 | E31: 13 | F31: 2 | G31: 1
A32: Ho | B32: =COUNTIFS(coremof_BatchA!G:G,MetalGroup!A33) -> 4 | C32: =COUNTIFS(FSR_BatchB!F:F,MetalGroup!A33) -> 4 | D32: =COUNTIFS(Ion_BatchB!F:F,A32) -> 0 | E32: 11 | F32: 2 | G32: 0
A33: Yb | B33: =COUNTIFS(coremof_BatchA!G:G,MetalGroup!A34) -> 5 | C33: =COUNTIFS(FSR_BatchB!F:F,MetalGroup!A34) -> 3 | D33: =COUNTIFS(Ion_BatchB!F:F,A33) -> 2 | E33: 10 | F33: 2 | G33: 0
A34: Hf | B34: =COUNTIFS(coremof_BatchA!G:G,MetalGroup!A37) -> 2 | C34: =COUNTIFS(FSR_BatchB!F:F,MetalGroup!A37) -> 3 | D34: =COUNTIFS(Ion_BatchB!F:F,A34) -> 0 | E34: 8 | F34: 2 | G34: 1
A35: Ga | B35: =COUNTIFS(coremof_BatchA!G:G,MetalGroup!A38) -> 3 | C35: =COUNTIFS(FSR_BatchB!F:F,MetalGroup!A38) -> 3 | D35: =COUNTIFS(Ion_BatchB!F:F,A35) -> 0 | E35: 7 | F35: 2 | G35: 0
A36: Pb | B36: =COUNTIFS(coremof_BatchA!G:G,MetalGroup!A39) -> 3 | C36: =COUNTIFS(FSR_BatchB!F:F,MetalGroup!A39) -> 2 | D36: =COUNTIFS(Ion_BatchB!F:F,A36) -> 0 | E36: 7 | F36: 2 | G36: 0
A37: Bi | B37: =COUNTIFS(coremof_BatchA!G:G,MetalGroup!A41) -> 2 | C37: =COUNTIFS(FSR_BatchB!F:F,MetalGroup!A41) -> 2 | D37: =COUNTIFS(Ion_BatchB!F:F,A37) -> 1 | E37: 6 | F37: 2 | G37: 0
A38: Tm | B38: =COUNTIFS(coremof_BatchA!G:G,MetalGroup!A42) -> 1 | C38: =COUNTIFS(FSR_BatchB!F:F,MetalGroup!A42) -> 1 | D38: =COUNTIFS(Ion_BatchB!F:F,A38) -> 0 | E38: 6 | F38: 2 | G38: 0
A39: Ti | B39: =COUNTIFS(coremof_BatchA!G:G,MetalGroup!A43) -> 1 | C39: =COUNTIFS(FSR_BatchB!F:F,MetalGroup!A43) -> 1 | D39: =COUNTIFS(Ion_BatchB!F:F,A39) -> 0 | E39: 5 | F39: 2 | G39: 0
A40: Lu | B40: =COUNTIFS(coremof_BatchA!G:G,MetalGroup!A44) -> 1 | C40: =COUNTIFS(FSR_BatchB!F:F,MetalGroup!A44) -> 1 | D40: =COUNTIFS(Ion_BatchB!F:F,A40) -> 0 | E40: 5 | F40: 2 | G40: 0
A41: Cr | B41: =COUNTIFS(coremof_BatchA!G:G,MetalGroup!A45) -> 0 | C41: =COUNTIFS(FSR_BatchB!F:F,MetalGroup!A45) -> 0 | D41: =COUNTIFS(Ion_BatchB!F:F,A41) -> 0 | E41: 4 | F41: 2 | G41: 0
A42: Np | B42: =COUNTIFS(coremof_BatchA!G:G,MetalGroup!A50) -> 0 | C42: =COUNTIFS(FSR_BatchB!F:F,MetalGroup!A50) -> 0 | D42: =COUNTIFS(Ion_BatchB!F:F,A42) -> 0 | E42: 2 | F42: 2 | G42: 0
A43: Rh | B43: =COUNTIFS(coremof_BatchA!G:G,MetalGroup!A51) -> 5 | C43: =COUNTIFS(FSR_BatchB!F:F,MetalGroup!A51) -> 6 | D43: =COUNTIFS(Ion_BatchB!F:F,A43) -> 0 | E43: 2 | F43: 2 | G43: 0
A44: Mo | B44: =COUNTIFS(coremof_BatchA!G:G,MetalGroup!A52) -> 5 | C44: =COUNTIFS(FSR_BatchB!F:F,MetalGroup!A52) -> 5 | D44: =COUNTIFS(Ion_BatchB!F:F,A44) -> 0 | E44: 2 | F44: 2 | G44: 2
A45: YK | B45: =COUNTIFS(coremof_BatchA!G:G,MetalGroup!A75) -> 2 | C45: =COUNTIFS(FSR_BatchB!F:F,MetalGroup!A75) -> 0 | D45: =COUNTIFS(Ion_BatchB!F:F,A45) -> 1 | E45: 1 | F45: 2 | G45: 0
A46: Sr | B46: =COUNTIFS(coremof_BatchA!G:G,MetalGroup!A76) -> 2 | C46: =COUNTIFS(FSR_BatchB!F:F,MetalGroup!A76) -> 0 | D46: =COUNTIFS(Ion_BatchB!F:F,A46) -> 1 | E46: 1 | F46: 2 | G46: 0
A47: Ca | B47: =COUNTIFS(coremof_BatchA!G:G,MetalGroup!A77) -> 2 | C47: =COUNTIFS(FSR_BatchB!F:F,MetalGroup!A77) -> 0 | D47: =COUNTIFS(Ion_BatchB!F:F,A47) -> 1 | E47: 1 | F47: 2 | G47: 0
A48: CdK | B48: =COUNTIFS(coremof_BatchA!G:G,MetalGroup!A53) -> 6 | C48: =COUNTIFS(FSR_BatchB!F:F,MetalGroup!A53) -> 3 | D48: =COUNTIFS(Ion_BatchB!F:F,A48) -> 0 | E48: 2 | F48: 3
A49: NiW | B49: =COUNTIFS(coremof_BatchA!G:G,MetalGroup!A78) -> 0 | C49: =COUNTIFS(FSR_BatchB!F:F,MetalGroup!A78) -> 0 | D49: =COUNTIFS(Ion_BatchB!F:F,A49) -> 0 | E49: 1 | F49: 3
A50: UEu | B50: =COUNTIFS(coremof_BatchA!G:G,MetalGroup!A79) -> 0 | C50: =COUNTIFS(FSR_BatchB!F:F,MetalGroup!A79) -> 0 | D50: =COUNTIFS(Ion_BatchB!F:F,A50) -> 1 | E50: 1 | F50: 3
A51: CuSi | B51: =COUNTIFS(coremof_BatchA!G:G,MetalGroup!A31) -> 6 | C51: =COUNTIFS(FSR_BatchB!F:F,MetalGroup!A31) -> 7 | D51: =COUNTIFS(Ion_BatchB!F:F,A51) -> 1 | E51: 12 | F51: 4
A52: CrMn | B52: =COUNTIFS(coremof_BatchA!G:G,MetalGroup!A35) -> 3 | C52: =COUNTIFS(FSR_BatchB!F:F,MetalGroup!A35) -> 4 | D52: =COUNTIFS(Ion_BatchB!F:F,A52) -> 0 | E52: 10 | F52: 4
A53: ZnSi | B53: =COUNTIFS(coremof_BatchA!G:G,MetalGroup!A36) -> 3 | C53: =COUNTIFS(FSR_BatchB!F:F,MetalGroup!A36) -> 4 | D53: =COUNTIFS(Ion_BatchB!F:F,A53) -> 0 | E53: 9 | F53: 4
A54: ZnCr | B54: =COUNTIFS(coremof_BatchA!G:G,MetalGroup!A40) -> 3 | C54: =COUNTIFS(FSR_BatchB!F:F,MetalGroup!A40) -> 2 | D54: =COUNTIFS(Ion_BatchB!F:F,A54) -> 0 | E54: 7 | F54: 4
A55: CuEu | B55: =COUNTIFS(coremof_BatchA!G:G,MetalGroup!A46) -> 0 | C55: =COUNTIFS(FSR_BatchB!F:F,MetalGroup!A46) -> 0 | D55: =COUNTIFS(Ion_BatchB!F:F,A55) -> 0 | E55: 4 | F55: 4
A56: CuMn | B56: =COUNTIFS(coremof_BatchA!G:G,MetalGroup!A47) -> 0 | C56: =COUNTIFS(FSR_BatchB!F:F,MetalGroup!A47) -> 0 | D56: =COUNTIFS(Ion_BatchB!F:F,A56) -> 0 | E56: 4 | F56: 4
A57: CuTi | B57: =COUNTIFS(coremof_BatchA!G:G,MetalGroup!A48) -> 0 | C57: =COUNTIFS(FSR_BatchB!F:F,MetalGroup!A48) -> 2 | D57: =COUNTIFS(Ion_BatchB!F:F,A57) -> 0 | E57: 4 | F57: 4
A58: TiCu | B58: =COUNTIFS(coremof_BatchA!G:G,MetalGroup!A49) -> 1 | C58: =COUNTIFS(FSR_BatchB!F:F,MetalGroup!A49) -> 0 | D58: =COUNTIFS(Ion_BatchB!F:F,A58) -> 0 | E58: 3 | F58: 4
A59: ZnCo | B59: =COUNTIFS(coremof_BatchA!G:G,MetalGroup!A54) -> 7 | C59: =COUNTIFS(FSR_BatchB!F:F,MetalGroup!A54) -> 0 | D59: =COUNTIFS(Ion_BatchB!F:F,A59) -> 0 | E59: 2 | F59: 4
A60: FeAu | B60: =COUNTIFS(coremof_BatchA!G:G,MetalGroup!A55) -> 2 | C60: =COUNTIFS(FSR_BatchB!F:F,MetalGroup!A55) -> 2 | D60: =COUNTIFS(Ion_BatchB!F:F,A60) -> 0 | E60: 2 | F60: 4
A61: CuSb | B61: =COUNTIFS(coremof_BatchA!G:G,MetalGroup!A56) -> 2 | C61: =COUNTIFS(FSR_BatchB!F:F,MetalGroup!A56) -> 2 | D61: =COUNTIFS(Ion_BatchB!F:F,A61) -> 0 | E61: 2 | F61: 4
A62: CuCe | B62: =COUNTIFS(coremof_BatchA!G:G,MetalGroup!A57) -> 3 | C62: =COUNTIFS(FSR_BatchB!F:F,MetalGroup!A57) -> 1 | D62: =COUNTIFS(Ion_BatchB!F:F,A62) -> 0 | E62: 2 | F62: 4
A63: CuSc | B63: =COUNTIFS(coremof_BatchA!G:G,MetalGroup!A58) -> 0 | C63: =COUNTIFS(FSR_BatchB!F:F,MetalGroup!A58) -> 3 | D63: =COUNTIFS(Ion_BatchB!F:F,A63) -> 0 | E63: 2 | F63: 4
A64: ErCo | B64: =COUNTIFS(coremof_BatchA!G:G,MetalGroup!A59) -> 1 | C64: =COUNTIFS(FSR_BatchB!F:F,MetalGroup!A59) -> 1 | D64: =COUNTIFS(Ion_BatchB!F:F,A64) -> 0 | E64: 2 | F64: 4
A65: HoCo | B65: =COUNTIFS(coremof_BatchA!G:G,MetalGroup!A60) -> 1 | C65: =COUNTIFS(FSR_BatchB!F:F,MetalGroup!A60) -> 1 | D65: =COUNTIFS(Ion_BatchB!F:F,A65) -> 0 | E65: 2 | F65: 4
A66: ZnMn | B66: =COUNTIFS(coremof_BatchA!G:G,MetalGroup!A61) -> 1 | C66: =COUNTIFS(FSR_BatchB!F:F,MetalGroup!A61) -> 1 | D66: =COUNTIFS(Ion_BatchB!F:F,A66) -> 0 | E66: 2 | F66: 4
A67: ZnPb | B67: =COUNTIFS(coremof_BatchA!G:G,MetalGroup!A62) -> 0 | C67: =COUNTIFS(FSR_BatchB!F:F,MetalGroup!A62) -> 2 | D67: =COUNTIFS(Ion_BatchB!F:F,A67) -> 0 | E67: 2 | F67: 4
A68: NiCo | B68: =COUNTIFS(coremof_BatchA!G:G,MetalGroup!A63) -> 1 | C68: =COUNTIFS(FSR_BatchB!F:F,MetalGroup!A63) -> 1 | D68: =COUNTIFS(Ion_BatchB!F:F,A68) -> 0 | E68: 2 | F68: 4
A69: CuIn | B69: =COUNTIFS(coremof_BatchA!G:G,MetalGroup!A64) -> 1 | C69: =COUNTIFS(FSR_BatchB!F:F,MetalGroup!A64) -> 1 | D69: =COUNTIFS(Ion_BatchB!F:F,A69) -> 0 | E69: 2 | F69: 4
A70: CdSi | B70: =COUNTIFS(coremof_BatchA!G:G,MetalGroup!A65) -> 1 | C70: =COUNTIFS(FSR_BatchB!F:F,MetalGroup!A65) -> 1 | D70: =COUNTIFS(Ion_BatchB!F:F,A70) -> 0 | E70: 2 | F70: 4
... A79: AlAg | B79: =COUNTIFS(coremof_BatchA!G:G,MetalGroup!A74) -> 0 | C79: =COUNTIFS(FSR_BatchB!F:F,MetalGroup!A74) -> 2 | D79: =COUNTIFS(Ion_BatchB!F:F,A79) -> 2 | E79: 2 | F79: 4
A80: ZnCe | B80: =COUNTIFS(coremof_BatchA!G:G,MetalGroup!A80) -> 0 | C80: =COUNTIFS(FSR_BatchB!F:F,MetalGroup!A80) -> 1 | D80: =COUNTIFS(Ion_BatchB!F:F,A80) -> 0 | E80: 1 | F80: 4
A81: TbIn | B81: =COUNTIFS(coremof_BatchA!G:G,MetalGroup!A81) -> 0 | C81: =COUNTIFS(FSR_BatchB!F:F,MetalGroup!A81) -> 1 | D81: =COUNTIFS(Ion_BatchB!F:F,A81) -> 0 | E81: 1 | F81: 4
A82: CrZn | B82: =COUNTIFS(coremof_BatchA!G:G,MetalGroup!A82) -> 0 | C82: =COUNTIFS(FSR_BatchB!F:F,MetalGroup!A82) -> 1 | D82: =COUNTIFS(Ion_BatchB!F:F,A82) -> 0 | E82: 1 | F82: 4
A83: YbCu | B83: =COUNTIFS(coremof_BatchA!G:G,MetalGroup!A83) -> 0 | C83: =COUNTIFS(FSR_BatchB!F:F,MetalGroup!A83) -> 1 | D83: =COUNTIFS(Ion_BatchB!F:F,A83) -> 0 | E83: 1 | F83: 4
A84: TmCo | B84: =COUNTIFS(coremof_BatchA!G:G,MetalGroup!A84) -> 0 | C84: =COUNTIFS(FSR_BatchB!F:F,MetalGroup!A84) -> 1 | D84: =COUNTIFS(Ion_BatchB!F:F,A84) -> 0 | E84: 1 | F84: 4
A85: CuPr | B85: =COUNTIFS(coremof_BatchA!G:G,MetalGroup!A85) -> 0 | C85: =COUNTIFS(FSR_BatchB!F:F,MetalGroup!A85) -> 1 | D85: =COUNTIFS(Ion_BatchB!F:F,A85) -> 0 | E85: 1 | F85: 4
A86: CoPr | B86: =COUNTIFS(coremof_BatchA!G:G,MetalGroup!A86) -> 0 | C86: =COUNTIFS(FSR_BatchB!F:F,MetalGroup!A86) -> 1 | D86: =COUNTIFS(Ion_BatchB!F:F,A86) -> 0 | E86: 1 | F86: 4
A87: CoDy | B87: =COUNTIFS(coremof_BatchA!G:G,MetalGroup!A87) -> 0 | C87: =COUNTIFS(FSR_BatchB!F:F,MetalGroup!A87) -> 1 | D87: =COUNTIFS(Ion_BatchB!F:F,A87) -> 0 | E87: 1 | F87: 4
A88: CoCe | B88: =COUNTIFS(coremof_BatchA!G:G,MetalGroup!A88) -> 0 | C88: =COUNTIFS(FSR_BatchB!F:F,MetalGroup!A88) -> 1 | D88: =COUNTIFS(Ion_BatchB!F:F,A88) -> 0 | E88: 1 | F88: 4
A89: GeNi | B89: =COUNTIFS(coremof_BatchA!G:G,MetalGroup!A89) -> 0 | C89: =COUNTIFS(FSR_BatchB!F:F,MetalGroup!A89) -> 1 | D89: =COUNTIFS(Ion_BatchB!F:F,A89) -> 0 | E89: 1 | F89: 4
A90: CrFe | B90: =COUNTIFS(coremof_BatchA!G:G,MetalGroup!A90) -> 0 | C90: =COUNTIFS(FSR_BatchB!F:F,MetalGroup!A90) -> 1 | D90: =COUNTIFS(Ion_BatchB!F:F,A90) -> 0 | E90: 1 | F90: 4
A91: GdZn | B91: =COUNTIFS(coremof_BatchA!G:G,MetalGroup!A91) -> 0 | C91: =COUNTIFS(FSR_BatchB!F:F,MetalGroup!A91) -> 1 | D91: =COUNTIFS(Ion_BatchB!F:F,A91) -> 0 | E91: 1 | F91: 4
... A136: CoPtPd | B136: =COUNTIFS(coremof_BatchA!G:G,MetalGroup!A136) -> 0 | C136: =COUNTIFS(FSR_BatchB!F:F,MetalGroup!A136) -> 0 | D136: =COUNTIFS(Ion_BatchB!F:F,A136) -> 1 | E136: 1 | F136: 6

Sheet Topology
A1: Topology | B1: coremof | C1: coremof_FSR | D1: coremof_ION | E1: Total
A2: nan | B2: 475 | C2: 417 | D2: 25 | E2: 917
A3: sql | B3: 188 | C3: 174 | D3: 11 | E3: 373
A4: pcu | B4: 83 | C4: 87 | D4: 1 | E4: 171
A5: hcb | B5: 45 | C5: 43 | D5: 5 | E5: 93
A6: kgd | B6: 36 | C6: 36 | D6: 7 | E6: 79
A7: dia | B7: 36 | C7: 37 | D7: 0 | E7: 73
A8: pts | B8: 34 | C8: 33 | D8: 3 | E8: 70
A9: crb | B9: 19 | C9: 19 | D9: 0 | E9: 38
A10: tfz | B10: 19 | C10: 18 | D10: 0 | E10: 37
A11: bpq | B11: 16 | C11: 16 | D11: 0 | E11: 32
A12: srs | B12: 15 | C12: 15 | D12: 1 | E12: 31
A13: flu | B13: 13 | C13: 8 | D13: 6 | E13: 27
... A127: hwx | B127: 0 | C127: 0 | D127: 1 | E127: 1

Sheet Stage3Filter
T1: Stage 3 - recom
A2: Dataset | B2: Name | C2: OCSVM (nu=0.15) | D2: OCSVM+ SVM | E2: SVM (C=1.0) | F2: SVR (C=1.0) | G2: Metal | H2: len | I2: Topology | J2: Density | K2: PLD | L2: LCD | M2: GSA | N2: Void_Fraction | O2: Pore_Volume | P2: Stage 1 | Q2: Stage 2 | R2: MetalTried | S2: Metal | T2: Cutoff SVR=0.3 | U2: Simulation Energy Score | X2: a
A3: FSR | B3: 2020[Fe][hcb]2[FSR]2 | C3: -0.77983287 | E3: -1.0051931 | F3: 0.71961531 | G3: Fe | H3: 2 | I3: hcb | J3: 0.175207 | K3: 15.58313 | L3: 22.94791 | M3: 4284.26 | N3: 0.92854 | O3: 5.29967 | Q3: =IFERROR(VLOOKUP(B3,Stage2EnergyNTopology!$B$1:$N$24,11,FALSE),"") | R3: =IF(ISERROR(VLOOKUP($G3,Stage2EnergyNTopology!$D$1:$D$224,1,FALSE)),0,1) -> 0 | S3: =IF(ISERROR(VLOOKUP($G3,Stage2EnergyNTopology!$E$1:$E$224,1,FALSE)),0,1) -> 1 | T3: Yes
A4: coremof | B4: 2020[Fe][hcb]2[ASR]2 | C4: -0.77983516 | D4: -8.7980526 | E4: -0.99970094 | F4: 0.7190335 | G4: Fe | H4: 2 | I4: hcb | J4: 0.175207 | K4: 15.58313 | L4: 22.94791 | M4: 4287.68 | N4: 0.9308 | O4: 5.31257 | P4: Didn’t Work | R4: =IF(ISERROR(VLOOKUP(G4,Stage2EnergyNTopology!$D$1:$D$224,1,FALSE)),0,1) -> 0 | S4: =IF(ISERROR(VLOOKUP($G4,Stage2EnergyNTopology!$E$1:$E$224,1,FALSE)),0,1) -> 1
A5: coremof | B5: 2015[Zr][ftw]3[ASR]3 | C5: -0.65464686 | D5: -7.5461064 | E5: -0.99963786 | F5: 0.58481632 | G5: Zr | H5: 2 | I5: ftw | J5: 0.291153 | K5: 10.49686 | L5: 25.25819 | M5: 4624.66 | N5: 0.8722 | O5: 2.99568 | P5: Didn’t Work | R5: =IF(ISERROR(VLOOKUP(G5,Stage2EnergyNTopology!$D$1:$D$224,1,FALSE)),0,1) -> 1 | S5: =IF(ISERROR(VLOOKUP($G5,Stage2EnergyNTopology!$E$1:$E$224,1,FALSE)),0,1) -> 1
A6: coremof | B6: 2016[Mg][stp]3[ASR]2 | C6: -0.66618865 | D6: -7.662029 | E6: -1.0001425 | F6: 0.50375673 | G6: Mg | H6: 2 | I6: stp | J6: 0.284192 | K6: 26.5894 | L6: 28.05599 | M6: 4801.7 | N6: 0.8755 | O6: 3.08066 | P6: Didn’t Work | R6: =IF(ISERROR(VLOOKUP(G6,Stage2EnergyNTopology!$D$1:$D$224,1,FALSE)),0,1) -> 0 | S6: =IF(ISERROR(VLOOKUP($G6,Stage2EnergyNTopology!$E$1:$E$224,1,FALSE)),0,1) -> 1 | T6: Yes
A7: coremof | B7: 2019[Zn][nan]3[ASR]10 | C7: -0.031959078 | D7: 0.95954544 | E7: 1.2791362 | F7: 0.49826339 | G7: Zn | H7: 2 | I7: nan | J7: 1.2847 | K7: 13.50348 | L7: 13.99981 | M7: 3062.07 | N7: 0.644 | O7: 0.501286 | R7: =IF(ISERROR(VLOOKUP(G7,Stage2EnergyNTopology!$D$1:$D$224,1,FALSE)),0,1) -> 1 | S7: =IF(ISERROR(VLOOKUP($G7,Stage2EnergyNTopology!$E$1:$E$224,1,FALSE)),0,1) -> 1
A8: coremof | B8: 2022[Tb][nan]3[ASR]1 | C8: 0.086942881 | D8: 2.0079218 | E8: 1.138493 | F8: 0.49139676 | G8: Tb | H8: 2 | I8: nan | J8: 1.07791 | K8: 4.57498 | L8: 16.5065 | M8: 3494.27 | N8: 0.6423 | O8: 0.595878 | R8: =IF(ISERROR(VLOOKUP(G8,Stage2EnergyNTopology!$D$1:$D$224,1,FALSE)),0,1) -> 1 | S8: =IF(ISERROR(VLOOKUP($G8,Stage2EnergyNTopology!$E$1:$E$224,1,FALSE)),0,1) -> 1
A9: FSR | B9: 2022[Tb][nan]3[FSR]1 | C9: 0.086797447 | E9: 1.1393254 | F9: 0.49132899 | G9: Tb | H9: 2 | I9: nan | J9: 1.07791 | K9: 4.57498 | L9: 16.5065 | M9: 3494.14 | N9: 0.64264 | O9: 0.596193 | R9: =IF(ISERROR(VLOOKUP(G9,Stage2EnergyNTopology!$D$1:$D$224,1,FALSE)),0,1) -> 1 | S9: =IF(ISERROR(VLOOKUP($G9,Stage2EnergyNTopology!$E$1:$E$224,1,FALSE)),0,1) -> 1
A10: coremof | B10: 2021[Cu][nbo]3[ASR]2 | C10: -0.55197752 | D10: -6.2352746 | E10: -0.71549938 | F10: 0.47320239 | G10: Cu | H10: 2 | I10: nbo | J10: 0.312648 | K10: 13.16055 | L10: 23.7754 | M10: 4310.99 | N10: 0.8747 | O10: 2.79772 | R10: =IF(ISERROR(VLOOKUP(G10,Stage2EnergyNTopology!$D$1:$D$224,1,FALSE)),0,1) -> 1 | S10: =IF(ISERROR(VLOOKUP($G10,Stage2EnergyNTopology!$E$1:$E$224,1,FALSE)),0,1) -> 1
A11: coremof | B11: 2020[Mn][nbo]3[ASR]1 | C11: -0.54549726 | D11: -6.149544 | E11: -0.69457148 | F11: 0.46566465 | G11: Mn | H11: 2 | I11: nbo | J11: 0.317955 | K11: 12.16855 | L11: 22.45958 | M11: 4400.98 | N11: 0.8626 | O11: 2.71296 | R11: =IF(ISERROR(VLOOKUP(G11,Stage2EnergyNTopology!$D$1:$D$224,1,FALSE)),0,1) -> 0 | S11: =IF(ISERROR(VLOOKUP($G11,Stage2EnergyNTopology!$E$1:$E$224,1,FALSE)),0,1) -> 1 | T11: Yes
A12: coremof | B12: 2021[Ag][nan]2[ASR]1 | C12: 0.017371732 | D12: 1.3443496 | E12: 1.1706322 | F12: 0.46492035 | G12: Ag | H12: 2 | I12: nan | J12: 1.30559 | K12: 11.28189 | L12: 11.71954 | M12: 3277.82 | N12: 0.5939 | O12: 0.45489 | R12: =IF(ISERROR(VLOOKUP(G12,Stage2EnergyNTopology!$D$1:$D$224,1,FALSE)),0,1) -> 1 | S12: =IF(ISERROR(VLOOKUP($G12,Stage2EnergyNTopology!$E$1:$E$224,1,FALSE)),0,1) -> 1
A13: ION | B13: 2017[Ag][nan]2[ION]1 | C13: -0.10017479 | E13: 0.62317211 | F13: 0.46323641 | G13: Ag | H13: 2 | I13: nan | J13: 1.16268 | K13: 12.60572 | L13: 15.22274 | M13: 4120.67 | N13: 0.58414 | O13: 0.50241 | R13: =IF(ISERROR(VLOOKUP(G13,Stage2EnergyNTopology!$D$1:$D$224,1,FALSE)),0,1) -> 1 | S13: =IF(ISERROR(VLOOKUP($G13,Stage2EnergyNTopology!$E$1:$E$224,1,FALSE)),0,1) -> 1
A14: coremof | B14: 2021[NiW][hcb]2[ASR]1 | C14: -0.12263334 | D14: -0.33300345 | E14: 0.89332999 | F14: 0.46239574 | G14: NiW | H14: 3 | I14: hcb | J14: 1.68701 | K14: 10.53464 | L14: 14.72844 | M14: 1873.61 | N14: 0.6827 | O14: 0.40468 | R14: =IF(ISERROR(VLOOKUP(G14,Stage2EnergyNTopology!$D$1:$D$224,1,FALSE)),0,1) -> 1 | S14: =IF(ISERROR(VLOOKUP($G14,Stage2EnergyNTopology!$E$1:$E$224,1,FALSE)),0,1) -> 1
A15: FSR | B15: 2019[In][nan]3[FSR]1 | C15: -0.040016703 | E15: 1.2817714 | F15: 0.46070978 | G15: In | H15: 2 | I15: nan | J15: 0.975636 | K15: 14.53396 | L15: 14.79531 | M15: 3131.1 | N15: 0.7024 | O15: 0.719941 | R15: =IF(ISERROR(VLOOKUP(G15,Stage2EnergyNTopology!$D$1:$D$224,1,FALSE)),0,1) -> 1 | S15: =IF(ISERROR(VLOOKUP($G15,Stage2EnergyNTopology!$E$1:$E$224,1,FALSE)),0,1) -> 1
A16: coremof | B16: 2020[Ni][nbo]3[ASR]1 | C16: -0.53839048 | D16: -6.0719031 | E16: -0.68799836 | F16: 0.46036669 | G16: Ni | H16: 2 | I16: nbo | J16: 0.31856 | K16: 12.83641 | L16: 22.80759 | M16: 4351.32 | N16: 0.8694 | O16: 2.72916 | R16: =IF(ISERROR(VLOOKUP(G16,Stage2EnergyNTopology!$D$1:$D$224,1,FALSE)),0,1) -> 1 | S16: =IF(ISERROR(VLOOKUP($G16,Stage2EnergyNTopology!$E$1:$E$224,1,FALSE)),0,1) -> 1
A17: ION | B17: 2017[Ag][nan]2[ION]2 | C17: -0.070992782 | E17: 0.73091772 | F17: 0.45973663 | G17: Ag | H17: 2 | I17: nan | J17: 1.07134 | K17: 12.4101 | L17: 15.0451 | M17: 4092.47 | N17: 0.61478 | O17: 0.573842 | R17: =IF(ISERROR(VLOOKUP(G17,Stage2EnergyNTopology!$D$1:$D$224,1,FALSE)),0,1) -> 1 | S17: =IF(ISERROR(VLOOKUP($G17,Stage2EnergyNTopology!$E$1:$E$224,1,FALSE)),0,1) -> 1
A18: ION | B18: 2017[Ag][nan]2[ION]3 | C18: -0.09699955 | E18: 0.6006266 | F18: 0.45970282 | G18: Ag | H18: 2 | I18: nan | J18: 1.14369 | K18: 12.49997 | L18: 15.09274 | M18: 4147.83 | N18: 0.58488 | O18: 0.511397 | R18: =IF(ISERROR(VLOOKUP(G18,Stage2EnergyNTopology!$D$1:$D$224,1,FALSE)),0,1) -> 1 | S18: =IF(ISERROR(VLOOKUP($G18,Stage2EnergyNTopology!$E$1:$E$224,1,FALSE)),0,1) -> 1
A19: coremof | B19: 0000[Fe][nbo]3[ASR]1 | C19: -0.53767328 | D19: -6.0354477 | E19: -0.6587149 | F19: 0.45760974 | G19: Fe | H19: 2 | I19: nbo | J19: 0.319335 | K19: 12.32727 | L19: 22.61205 | M19: 4346.82 | N19: 0.8664 | O19: 2.71314 | R19: =IF(ISERROR(VLOOKUP(G19,Stage2EnergyNTopology!$D$1:$D$224,1,FALSE)),0,1) -> 0 | S19: =IF(ISERROR(VLOOKUP($G19,Stage2EnergyNTopology!$E$1:$E$224,1,FALSE)),0,1) -> 1
A20: coremof | B20: 2019[In][nan]3[ASR]1 | C20: -0.041255311 | D20: 0.86972224 | E20: 1.2822753 | F20: 0.45638372 | G20: In | H20: 2 | I20: nan | J20: 0.975636 | K20: 14.53396 | L20: 14.79531 | M20: 3126.97 | N20: 0.7083 | O20: 0.725988 | R20: =IF(ISERROR(VLOOKUP(G20,Stage2EnergyNTopology!$D$1:$D$224,1,FALSE)),0,1) -> 1 | S20: =IF(ISERROR(VLOOKUP($G20,Stage2EnergyNTopology!$E$1:$E$224,1,FALSE)),0,1) -> 1
A21: coremof | B21: 2020[Cu][nbo]3[ASR]2 | C21: -0.5284519 | D21: -5.9301718 | E21: -0.64565289 | F21: 0.45310422 | G21: Cu | H21: 2 | I21: nbo | J21: 0.320875 | K21: 12.81334 | L21: 22.95364 | M21: 4314.86 | N21: 0.8712 | O21: 2.71508 | R21: =IF(ISERROR(VLOOKUP(G21,Stage2EnergyNTopology!$D$1:$D$224,1,FALSE)),0,1) -> 1 | S21: =IF(ISERROR(VLOOKUP($G21,Stage2EnergyNTopology!$E$1:$E$224,1,FALSE)),0,1) -> 1
A22: coremof | B22: 2021[Cu][sql]2[ASR]6 | C22: -0.64373608 | D22: -6.658875 | E22: -0.22151423 | F22: 0.45304603 | G22: Cu | H22: 2 | I22: sql | J22: 0.358334 | K22: 7.90551 | L22: 12.24169 | M22: 5217.53 | N22: 0.8303 | O22: 2.31711 | R22: =IF(ISERROR(VLOOKUP(G22,Stage2EnergyNTopology!$D$1:$D$224,1,FALSE)),0,1) -> 1 | S22: =IF(ISERROR(VLOOKUP($G22,Stage2EnergyNTopology!$E$1:$E$224,1,FALSE)),0,1) -> 1
A23: FSR | B23: 2021[Cu][sql]2[FSR]6 | C23: -0.64362629 | E23: -0.2251763 | F23: 0.45283791 | G23: Cu | H23: 2 | I23: sql | J23: 0.358334 | K23: 7.90551 | L23: 12.24169 | M23: 5207.45 | N23: 0.83164 | O23: 2.32085 | R23: =IF(ISERROR(VLOOKUP(G23,Stage2EnergyNTopology!$D$1:$D$224,1,FALSE)),0,1) -> 1 | S23: =IF(ISERROR(VLOOKUP($G23,Stage2EnergyNTopology!$E$1:$E$224,1,FALSE)),0,1) -> 1
A24: coremof | B24: 2017[Cd][nan]3[ASR]3 | C24: -0.04185683 | D24: 0.73601817 | E24: 1.1545865 | F24: 0.45015574 | G24: Cd | H24: 2 | I24: nan | J24: 1.38141 | K24: 11.60045 | L24: 12.48867 | M24: 2307.38 | N24: 0.679 | O24: 0.491526 | R24: =IF(ISERROR(VLOOKUP(G24,Stage2EnergyNTopology!$D$1:$D$224,1,FALSE)),0,1) -> 0 | S24: =IF(ISERROR(VLOOKUP($G24,Stage2EnergyNTopology!$E$1:$E$224,1,FALSE)),0,1) -> 1 | T24: Yes
A25: coremof | B25: 2020[Cu][nbo]3[ASR]3 | C25: -0.52542738 | D25: -5.880234 | E25: -0.62596024 | F25: 0.44969256 | G25: Cu | H25: 2 | I25: nbo | J25: 0.323188 | K25: 12.55234 | L25: 22.78188 | M25: 4312.33 | N25: 0.8719 | O25: 2.69781 | R25: =IF(ISERROR(VLOOKUP(G25,Stage2EnergyNTopology!$D$1:$D$224,1,FALSE)),0,1) -> 1 | S25: =IF(ISERROR(VLOOKUP($G25,Stage2EnergyNTopology!$E$1:$E$224,1,FALSE)),0,1) -> 1
A26: coremof | B26: 2019[Mg][nan]3[ASR]2 | C26: 0.046444479 | D26: 1.7275812 | E26: 1.2631364 | F26: 0.44758539 | G26: Mg | H26: 2 | I26: nan | J26: 0.912446 | K26: 10.73041 | L26: 12.01944 | M26: 3357.04 | N26: 0.6481 | O26: 0.710289 | R26: =IF(ISERROR(VLOOKUP(G26,Stage2EnergyNTopology!$D$1:$D$224,1,FALSE)),0,1) -> 0 | S26: =IF(ISERROR(VLOOKUP($G26,Stage2EnergyNTopology!$E$1:$E$224,1,FALSE)),0,1) -> 1
A27: FSR | B27: 2018[Co][nan]3[FSR]9 | C27: 0.018545019 | E27: 1.2788338 | F27: 0.44602629 | G27: Co | H27: 2 | I27: nan | J27: 1.18297 | K27: 10.97893 | L27: 11.68073 | M27: 2485.59 | N27: 0.63716 | O27: 0.538611 | R27: =IF(ISERROR(VLOOKUP(G27,Stage2EnergyNTopology!$D$1:$D$224,1,FALSE)),0,1) -> 1 | S27: =IF(ISERROR(VLOOKUP($G27,Stage2EnergyNTopology!$E$1:$E$224,1,FALSE)),0,1) -> 1
A28: coremof | B28: 2019[Co][nan]3[ASR]2 | C28: 0.01543261 | D28: 1.4298161 | E28: 1.27549 | F28: 0.44602403 | G28: Co | H28: 2 | I28: nan | J28: 1.18734 | K28: 11.08091 | L28: 11.62577 | M28: 2488 | N28: 0.6376 | O28: 0.537 | R28: =IF(ISERROR(VLOOKUP(G28,Stage2EnergyNTopology!$D$1:$D$224,1,FALSE)),0,1) -> 1 | S28: =IF(ISERROR(VLOOKUP($G28,Stage2EnergyNTopology!$E$1:$E$224,1,FALSE)),0,1) -> 1
A29: coremof | B29: 2019[Co][nan]3[ASR]14 | C29: 0.020263919 | D29: 1.4844119 | E29: 1.2817727 | F29: 0.4455525 | G29: Co | H29: 2 | I29: nan | J29: 1.17266 | K29: 10.91867 | L29: 11.6947 | M29: 2486.15 | N29: 0.6376 | O29: 0.543723 | R29: =IF(ISERROR(VLOOKUP(G29,Stage2EnergyNTopology!$D$1:$D$224,1,FALSE)),0,1) -> 1 | S29: =IF(ISERROR(VLOOKUP($G29,Stage2EnergyNTopology!$E$1:$E$224,1,FALSE)),0,1) -> 1
A30: coremof | B30: 2019[Ni][nan]3[ASR]1 | C30: 0.024386207 | D30: 1.5705086 | E30: 1.3266466 | F30: 0.44537972 | G30: Ni | H30: 2 | I30: nan | J30: 1.19871 | K30: 10.96497 | L30: 11.60677 | M30: 2614.7 | N30: 0.6518 | O30: 0.543751 | R30: =IF(ISERROR(VLOOKUP(G30,Stage2EnergyNTopology!$D$1:$D$224,1,FALSE)),0,1) -> 1 | S30: =IF(ISERROR(VLOOKUP($G30,Stage2EnergyNTopology!$E$1:$E$224,1,FALSE)),0,1) -> 1
A31: coremof | B31: 2018[Co][nan]3[ASR]8 | C31: 0.016868297 | D31: 1.448459 | E31: 1.279776 | F31: 0.44524586 | G31: Co | H31: 2 | I31: nan | J31: 1.18297 | K31: 10.97893 | L31: 11.68073 | M31: 2486.62 | N31: 0.6417 | O31: 0.542449 | R31: =IF(ISERROR(VLOOKUP(G31,Stage2EnergyNTopology!$D$1:$D$224,1,FALSE)),0,1) -> 1 | S31: =IF(ISERROR(VLOOKUP($G31,Stage2EnergyNTopology!$E$1:$E$224,1,FALSE)),0,1) -> 1
A32: FSR | B32: 2016[Mn][nan]3[FSR]1 | C32: 0.031942946 | E32: 1.3599223 | F32: 0.44514658 | G32: Mn | H32: 2 | I32: nan | J32: 1.02928 | K32: 11.0617 | L32: 12.01682 | M32: 2732.68 | N32: 0.663 | O32: 0.644141 | R32: =IF(ISERROR(VLOOKUP(G32,Stage2EnergyNTopology!$D$1:$D$224,1,FALSE)),0,1) -> 0 | S32: =IF(ISERROR(VLOOKUP($G32,Stage2EnergyNTopology!$E$1:$E$224,1,FALSE)),0,1) -> 1
A33: FSR | B33: 2019[Co][nan]3[FSR]11 | C33: 0.018904133 | E33: 1.2822194 | F33: 0.44494121 | G33: Co | H33: 2 | I33: nan | J33: 1.17266 | K33: 10.91867 | L33: 11.6947 | M33: 2486.28 | N33: 0.64104 | O33: 0.546657 | R33: =IF(ISERROR(VLOOKUP(G33,Stage2EnergyNTopology!$D$1:$D$224,1,FALSE)),0,1) -> 1 | S33: =IF(ISERROR(VLOOKUP($G33,Stage2EnergyNTopology!$E$1:$E$224,1,FALSE)),0,1) -> 1
A34: coremof | B34: 2021[Zn][nan]3[ASR]2 | C34: 0.026180358 | D34: 1.6106739 | E34: 1.3488703 | F34: 0.44447594 | G34: Zn | H34: 2 | I34: nan | J34: 1.21695 | K34: 10.87758 | L34: 11.64853 | M34: 2679.28 | N34: 0.6618 | O34: 0.543818 | R34: =IF(ISERROR(VLOOKUP(G34,Stage2EnergyNTopology!$D$1:$D$224,1,FALSE)),0,1) -> 1 | S34: =IF(ISERROR(VLOOKUP($G34,Stage2EnergyNTopology!$E$1:$E$224,1,FALSE)),0,1) -> 1
A35: FSR | B35: 2019[Co][nan]3[FSR]12 | C35: 0.018815516 | E35: 1.2817817 | F35: 0.44440726 | G35: Co | H35: 2 | I35: nan | J35: 1.17224 | K35: 10.88216 | L35: 11.69824 | M35: 2481.43 | N35: 0.64212 | O35: 0.54777 | R35: =IF(ISERROR(VLOOKUP(G35,Stage2EnergyNTopology!$D$1:$D$224,1,FALSE)),0,1) -> 1 | S35: =IF(ISERROR(VLOOKUP($G35,Stage2EnergyNTopology!$E$1:$E$224,1,FALSE)),0,1) -> 1
A36: coremof | B36: 2019[Ni][nan]3[ASR]3 | C36: 0.028661901 | D36: 1.6179384 | E36: 1.3313194 | F36: 0.44414636 | G36: Ni | H36: 2 | I36: nan | J36: 1.20772 | K36: 10.80261 | L36: 11.52538 | M36: 2612.72 | N36: 0.6486 | O36: 0.537043 | R36: =IF(ISERROR(VLOOKUP(G36,Stage2EnergyNTopology!$D$1:$D$224,1,FALSE)),0,1) -> 1 | S36: =IF(ISERROR(VLOOKUP($G36,Stage2EnergyNTopology!$E$1:$E$224,1,FALSE)),0,1) -> 1
A37: coremof | B37: 2019[Co][nan]3[ASR]15 | C37: 0.017944801 | D37: 1.4606587 | E37: 1.2812107 | F37: 0.44405758 | G37: Co | H37: 2 | I37: nan | J37: 1.17224 | K37: 10.88216 | L37: 11.69824 | M37: 2479.83 | N37: 0.6437 | O37: 0.549118 | R37: =IF(ISERROR(VLOOKUP(G37,Stage2EnergyNTopology!$D$1:$D$224,1,FALSE)),0,1) -> 1 | S37: =IF(ISERROR(VLOOKUP($G37,Stage2EnergyNTopology!$E$1:$E$224,1,FALSE)),0,1) -> 1
A38: coremof | B38: 2017[Co][nan]3[ASR]8 | C38: 0.020797117 | D38: 1.4973636 | E38: 1.2893924 | F38: 0.44403132 | G38: Co | H38: 2 | I38: nan | J38: 1.17528 | K38: 10.85848 | L38: 11.65036 | M38: 2498.23 | N38: 0.6423 | O38: 0.546509 | R38: =IF(ISERROR(VLOOKUP(G38,Stage2EnergyNTopology!$D$1:$D$224,1,FALSE)),0,1) -> 1 | S38: =IF(ISERROR(VLOOKUP($G38,Stage2EnergyNTopology!$E$1:$E$224,1,FALSE)),0,1) -> 1
A39: coremof | B39: 2020[Zn][nan]3[ASR]16 | C39: 0.02080372 | D39: 1.5576572 | E39: 1.34962 | F39: 0.44386664 | G39: Zn | H39: 2 | I39: nan | J39: 1.2148 | K39: 11.00713 | L39: 11.71958 | M39: 2699.02 | N39: 0.6697 | O39: 0.551283 | Q39: Recommend | R39: =IF(ISERROR(VLOOKUP(G39,Stage2EnergyNTopology!$D$1:$D$224,1,FALSE)),0,1) -> 1 | S39: =IF(ISERROR(VLOOKUP($G39,Stage2EnergyNTopology!$E$1:$E$224,1,FALSE)),0,1) -> 1
A40: coremof | B40: 2019[Co][nan]3[ASR]1 | C40: 0.018211455 | D40: 1.4649307 | E40: 1.2828161 | F40: 0.44373493 | G40: Co | H40: 2 | I40: nan | J40: 1.17375 | K40: 10.90185 | L40: 11.63097 | M40: 2486.28 | N40: 0.6422 | O40: 0.547134 | R40: =IF(ISERROR(VLOOKUP(G40,Stage2EnergyNTopology!$D$1:$D$224,1,FALSE)),0,1) -> 1 | S40: =IF(ISERROR(VLOOKUP($G40,Stage2EnergyNTopology!$E$1:$E$224,1,FALSE)),0,1) -> 1
A41: coremof | B41: 2017[Co][nan]3[ASR]7 | C41: 0.021735054 | D41: 1.4975937 | E41: 1.2802432 | F41: 0.44356975 | G41: Co | H41: 2 | I41: nan | J41: 1.17979 | K41: 10.79044 | L41: 11.60621 | M41: 2471.56 | N41: 0.6351 | O41: 0.538318 | R41: =IF(ISERROR(VLOOKUP(G41,Stage2EnergyNTopology!$D$1:$D$224,1,FALSE)),0,1) -> 1 | S41: =IF(ISERROR(VLOOKUP($G41,Stage2EnergyNTopology!$E$1:$E$224,1,FALSE)),0,1) -> 1
A42: FSR | B42: 2017[Co][nan]3[FSR]8 | C42: 0.018439216 | E42: 1.281323 | F42: 0.44351811 | G42: Co | H42: 2 | I42: nan | J42: 1.17528 | K42: 10.85848 | L42: 11.65036 | M42: 2478.41 | N42: 0.64234 | O42: 0.546543 | R42: =IF(ISERROR(VLOOKUP(G42,Stage2EnergyNTopology!$D$1:$D$224,1,FALSE)),0,1) -> 1 | S42: =IF(ISERROR(VLOOKUP($G42,Stage2EnergyNTopology!$E$1:$E$224,1,FALSE)),0,1) -> 1
A43: coremof | B43: 2021[Zn][nan]3[ASR]1 | C43: 0.025901526 | D43: 1.6087756 | E43: 1.3497603 | F43: 0.44351237 | G43: Zn | H43: 2 | I43: nan | J43: 1.21914 | K43: 10.83931 | L43: 11.62733 | M43: 2677.51 | N43: 0.6633 | O43: 0.544071 | R43: =IF(ISERROR(VLOOKUP(G43,Stage2EnergyNTopology!$D$1:$D$224,1,FALSE)),0,1) -> 1 | S43: =IF(ISERROR(VLOOKUP($G43,Stage2EnergyNTopology!$E$1:$E$224,1,FALSE)),0,1) -> 1
A44: FSR | B44: 2021[Zn][nan]3[FSR]2 | C44: 0.024111319 | E44: 1.3476422 | F44: 0.44332999 | G44: Zn | H44: 2 | I44: nan | J44: 1.21695 | K44: 10.87758 | L44: 11.64853 | M44: 2674.07 | N44: 0.66504 | O44: 0.54648 | R44: =IF(ISERROR(VLOOKUP(G44,Stage2EnergyNTopology!$D$1:$D$224,1,FALSE)),0,1) -> 1 | S44: =IF(ISERROR(VLOOKUP($G44,Stage2EnergyNTopology!$E$1:$E$224,1,FALSE)),0,1) -> 1
A45: coremof | B45: 2020[Co][nbo]3[ASR]2 | C45: -0.51975855 | D45: -5.7805709 | E45: -0.58298535 | F45: 0.44332499 | G45: Co | H45: 2 | I45: nbo | J45: 0.323808 | K45: 12.16772 | L45: 22.51791 | M45: 4302.02 | N45: 0.8657 | O45: 2.6735 | R45: =IF(ISERROR(VLOOKUP(G45,Stage2EnergyNTopology!$D$1:$D$224,1,FALSE)),0,1) -> 1 | S45: =IF(ISERROR(VLOOKUP($G45,Stage2EnergyNTopology!$E$1:$E$224,1,FALSE)),0,1) -> 1
A46: FSR | B46: 2017[Co][nan]3[FSR]7 | C46: 0.017982844 | E46: 1.2838195 | F46: 0.443253 | G46: Co | H46: 2 | I46: nan | J46: 1.17257 | K46: 10.86547 | L46: 11.65774 | M46: 2484.63 | N46: 0.64496 | O46: 0.550042 | R46: =IF(ISERROR(VLOOKUP(G46,Stage2EnergyNTopology!$D$1:$D$224,1,FALSE)),0,1) -> 1 | S46: =IF(ISERROR(VLOOKUP($G46,Stage2EnergyNTopology!$E$1:$E$224,1,FALSE)),0,1) -> 1
A47: coremof | B47: 2016[Mn][nan]3[ASR]1 | C47: 0.029192815 | D47: 1.6515434 | E47: 1.3596152 | F47: 0.44311601 | G47: Mn | H47: 2 | I47: nan | J47: 1.02928 | K47: 11.0617 | L47: 12.01682 | M47: 2730.03 | N47: 0.668 | O47: 0.648998 | R47: =IF(ISERROR(VLOOKUP(G47,Stage2EnergyNTopology!$D$1:$D$224,1,FALSE)),0,1) -> 0 | S47: =IF(ISERROR(VLOOKUP($G47,Stage2EnergyNTopology!$E$1:$E$224,1,FALSE)),0,1) -> 1
A48: coremof | B48: 2019[Co][nan]3[ASR]13 | C48: 0.023225369 | D48: 1.5171486 | E48: 1.2848949 | F48: 0.44309406 | G48: Co | H48: 2 | I48: nan | J48: 1.18431 | K48: 10.78007 | L48: 11.53528 | M48: 2483.25 | N48: 0.6336 | O48: 0.534996 | R48: =IF(ISERROR(VLOOKUP(G48,Stage2EnergyNTopology!$D$1:$D$224,1,FALSE)),0,1) -> 1 | S48: =IF(ISERROR(VLOOKUP($G48,Stage2EnergyNTopology!$E$1:$E$224,1,FALSE)),0,1) -> 1
A49: FSR | B49: 2021[Zn][nan]3[FSR]1 | C49: 0.024612991 | E49: 1.3503844 | F49: 0.44271036 | G49: Zn | H49: 2 | I49: nan | J49: 1.21914 | K49: 10.83931 | L49: 11.62733 | M49: 2679.68 | N49: 0.66592 | O49: 0.54622 | R49: =IF(ISERROR(VLOOKUP(G49,Stage2EnergyNTopology!$D$1:$D$224,1,FALSE)),0,1) -> 1 | S49: =IF(ISERROR(VLOOKUP($G49,Stage2EnergyNTopology!$E$1:$E$224,1,FALSE)),0,1) -> 1
A50: coremof | B50: 2019[Mg][nan]3[ASR]3 | C50: 0.038300864 | D50: 1.656421 | E50: 1.2734124 | F50: 0.44264841 | G50: Mg | H50: 2 | I50: nan | J50: 0.929735 | K50: 10.84174 | L50: 11.55168 | M50: 3324.49 | N50: 0.6519 | O50: 0.701168 | R50: =IF(ISERROR(VLOOKUP(G50,Stage2EnergyNTopology!$D$1:$D$224,1,FALSE)),0,1) -> 0 | S50: =IF(ISERROR(VLOOKUP($G50,Stage2EnergyNTopology!$E$1:$E$224,1,FALSE)),0,1) -> 1
A51: coremof | B51: 2017[Co][nan]3[ASR]6 | C51: 0.01548013 | D51: 1.433528 | E51: 1.2787267 | F51: 0.44248005 | G51: Co | H51: 2 | I51: nan | J51: 1.17257 | K51: 10.86547 | L51: 11.65774 | M51: 2472.44 | N51: 0.6472 | O51: 0.551952 | R51: =IF(ISERROR(VLOOKUP(G51,Stage2EnergyNTopology!$D$1:$D$224,1,FALSE)),0,1) -> 1 | S51: =IF(ISERROR(VLOOKUP($G51,Stage2EnergyNTopology!$E$1:$E$224,1,FALSE)),0,1) -> 1
A52: FSR | B52: 2019[Co][nan]3[FSR]10 | C52: 0.021392093 | E52: 1.2845309 | F52: 0.44243318 | G52: Co | H52: 2 | I52: nan | J52: 1.18431 | K52: 10.78007 | L52: 11.53528 | M52: 2480.83 | N52: 0.63758 | O52: 0.538356 | R52: =IF(ISERROR(VLOOKUP(G52,Stage2EnergyNTopology!$D$1:$D$224,1,FALSE)),0,1) -> 1 | S52: =IF(ISERROR(VLOOKUP($G52,Stage2EnergyNTopology!$E$1:$E$224,1,FALSE)),0,1) -> 1
A53: coremof | B53: 2020[Mg][nan]3[ASR]1 | C53: 0.036660779 | D53: 1.6344619 | E53: 1.2678541 | F53: 0.44207824 | G53: Mg | H53: 2 | I53: nan | J53: 0.912549 | K53: 10.89789 | L53: 11.67288 | M53: 3346.79 | N53: 0.6548 | O53: 0.71755 | R53: =IF(ISERROR(VLOOKUP(G53,Stage2EnergyNTopology!$D$1:$D$224,1,FALSE)),0,1) -> 0 | S53: =IF(ISERROR(VLOOKUP($G53,Stage2EnergyNTopology!$E$1:$E$224,1,FALSE)),0,1) -> 1
A54: coremof | B54: 2017[Co][nan]3[ASR]15 | C54: 0.018907088 | D54: 1.4691734 | E54: 1.2801026 | F54: 0.44187251 | G54: Co | H54: 2 | I54: nan | J54: 1.18753 | K54: 10.77074 | L54: 11.55785 | M54: 2468.46 | N54: 0.6409 | O54: 0.539693 | R54: =IF(ISERROR(VLOOKUP(G54,Stage2EnergyNTopology!$D$1:$D$224,1,FALSE)),0,1) -> 1 | S54: =IF(ISERROR(VLOOKUP($G54,Stage2EnergyNTopology!$E$1:$E$224,1,FALSE)),0,1) -> 1
A55: FSR | B55: 2017[Co][nan]3[FSR]14 | C55: 0.018677722 | E55: 1.2791701 | F55: 0.44183291 | G55: Co | H55: 2 | I55: nan | J55: 1.18753 | K55: 10.77074 | L55: 11.55785 | M55: 2466.26 | N55: 0.6408 | O55: 0.539609 | R55: =IF(ISERROR(VLOOKUP(G55,Stage2EnergyNTopology!$D$1:$D$224,1,FALSE)),0,1) -> 1 | S55: =IF(ISERROR(VLOOKUP($G55,Stage2EnergyNTopology!$E$1:$E$224,1,FALSE)),0,1) -> 1
A56: coremof | B56: 2019[Mg][nan]3[ASR]1 | C56: 0.037592422 | D56: 1.6467265 | E56: 1.2708022 | F56: 0.44078878 | G56: Mg | H56: 2 | I56: nan | J56: 0.910088 | K56: 10.82488 | L56: 11.61605 | M56: 3343.52 | N56: 0.6557 | O56: 0.72048 | R56: =IF(ISERROR(VLOOKUP(G56,Stage2EnergyNTopology!$D$1:$D$224,1,FALSE)),0,1) -> 0 | S56: =IF(ISERROR(VLOOKUP($G56,Stage2EnergyNTopology!$E$1:$E$224,1,FALSE)),0,1) -> 1
A57: coremof | B57: 2020[Cu][nbo]3[ASR]4 | C57: -0.51211887 | D57: -5.690335 | E57: -0.56914631 | F57: 0.44015937 | G57: Cu | H57: 2 | I57: nbo | J57: 0.328096 | K57: 12.15893 | L57: 22.56317 | M57: 4300.16 | N57: 0.8706 | O57: 2.65349 | R57: =IF(ISERROR(VLOOKUP(G57,Stage2EnergyNTopology!$D$1:$D$224,1,FALSE)),0,1) -> 1 | S57: =IF(ISERROR(VLOOKUP($G57,Stage2EnergyNTopology!$E$1:$E$224,1,FALSE)),0,1) -> 1
A58: coremof | B58: 2020[Zn][nbo]3[ASR]3 | C58: -0.50348742 | D58: -5.5985953 | E58: -0.56372107 | F58: 0.43873995 | G58: Zn | H58: 2 | I58: nbo | J58: 0.330726 | K58: 12.12454 | L58: 22.41586 | M58: 4333.68 | N58: 0.8668 | O58: 2.6209 | R58: =IF(ISERROR(VLOOKUP(G58,Stage2EnergyNTopology!$D$1:$D$224,1,FALSE)),0,1) -> 1 | S58: =IF(ISERROR(VLOOKUP($G58,Stage2EnergyNTopology!$E$1:$E$224,1,FALSE)),0,1) -> 1
A59: coremof | B59: 2017[Co][nan]3[ASR]13 | C59: 0.0733863 | D59: 1.7575535 | E59: 1.0236905 | F59: 0.43782799 | G59: Co | H59: 2 | I59: nan | J59: 0.846295 | K59: 6.81035 | L59: 13.9685 | M59: 3799.39 | N59: 0.68 | O59: 0.803502 | R59: =IF(ISERROR(VLOOKUP(G59,Stage2EnergyNTopology!$D$1:$D$224,1,FALSE)),0,1) -> 1 | S59: =IF(ISERROR(VLOOKUP($G59,Stage2EnergyNTopology!$E$1:$E$224,1,FALSE)),0,1) -> 1
A60: coremof | B60: 2020[Ag][nbo]3[ASR]1 | C60: -0.093874927 | D60: 0.027695713 | E60: 0.96644498 | F60: 0.43548097 | G60: Ag | H60: 2 | I60: nbo | J60: 0.978977 | K60: 14.18871 | L60: 14.60252 | M60: 3926.65 | N60: 0.6835 | O60: 0.698178 | R60: =IF(ISERROR(VLOOKUP(G60,Stage2EnergyNTopology!$D$1:$D$224,1,FALSE)),0,1) -> 1 | S60: =IF(ISERROR(VLOOKUP($G60,Stage2EnergyNTopology!$E$1:$E$224,1,FALSE)),0,1) -> 1
A61: FSR | B61: 2018[Zr][nan]3[FSR]2 | C61: 0.066920845 | E61: 1.1755571 | F61: 0.43314924 | G61: Zr | H61: 2 | I61: nan | J61: 0.854238 | K61: 5.34156 | L61: 13.22909 | M61: 3544.13 | N61: 0.68592 | O61: 0.802961 | R61: =IF(ISERROR(VLOOKUP(G61,Stage2EnergyNTopology!$D$1:$D$224,1,FALSE)),0,1) -> 1 | S61: =IF(ISERROR(VLOOKUP($G61,Stage2EnergyNTopology!$E$1:$E$224,1,FALSE)),0,1) -> 1
A62: FSR | B62: 2018[Co][nan]3[FSR]6 | C62: 0.038618606 | E62: 1.3286423 | F62: 0.43255161 | G62: Co | H62: 2 | I62: nan | J62: 1.17315 | K62: 10.10911 | L62: 11.06432 | M62: 2535.84 | N62: 0.637 | O62: 0.542981 | R62: =IF(ISERROR(VLOOKUP(G62,Stage2EnergyNTopology!$D$1:$D$224,1,FALSE)),0,1) -> 1 | S62: =IF(ISERROR(VLOOKUP($G62,Stage2EnergyNTopology!$E$1:$E$224,1,FALSE)),0,1) -> 1
A63: FSR | B63: 2018[Zr][nan]3[FSR]1 | C63: 0.069359588 | E63: 1.1547944 | F63: 0.43234716 | G63: Zr | H63: 2 | I63: nan | J63: 0.868063 | K63: 5.25872 | L63: 12.90854 | M63: 3552.11 | N63: 0.68128 | O63: 0.784828 | R63: =IF(ISERROR(VLOOKUP(G63,Stage2EnergyNTopology!$D$1:$D$224,1,FALSE)),0,1) -> 1 | S63: =IF(ISERROR(VLOOKUP($G63,Stage2EnergyNTopology!$E$1:$E$224,1,FALSE)),0,1) -> 1
A64: coremof | B64: 2018[Co][nan]3[ASR]6 | C64: 0.037613998 | D64: 1.7023483 | E64: 1.3262083 | F64: 0.43229062 | G64: Co | H64: 2 | I64: nan | J64: 1.17315 | K64: 10.10911 | L64: 11.06432 | M64: 2528.58 | N64: 0.6375 | O64: 0.543408 | R64: =IF(ISERROR(VLOOKUP(G64,Stage2EnergyNTopology!$D$1:$D$224,1,FALSE)),0,1) -> 1 | S64: =IF(ISERROR(VLOOKUP($G64,Stage2EnergyNTopology!$E$1:$E$224,1,FALSE)),0,1) -> 1
A65: coremof | B65: 2019[Th][bcu]3[ASR]1 | C65: -0.10264434 | D65: 0.10012259 | E65: 1.126566 | F65: 0.43123885 | G65: Th | H65: 2 | I65: bcu | J65: 0.903901 | K65: 14.39286 | L65: 15.26833 | M65: 2599.9 | N65: 0.7717 | O65: 0.853744 | R65: =IF(ISERROR(VLOOKUP(G65,Stage2EnergyNTopology!$D$1:$D$224,1,FALSE)),0,1) -> 1 | S65: =IF(ISERROR(VLOOKUP($G65,Stage2EnergyNTopology!$E$1:$E$224,1,FALSE)),0,1) -> 1
A66: FSR | B66: 2019[Th][bcu]3[FSR]1 | C66: -0.045479897 | E66: 1.2622188 | F66: 0.4311524 | G66: Th | H66: 2 | I66: bcu | J66: 0.959666 | K66: 13.55357 | L66: 14.49648 | M66: 2808.85 | N66: 0.74486 | O66: 0.776166 | R66: =IF(ISERROR(VLOOKUP(G66,Stage2EnergyNTopology!$D$1:$D$224,1,FALSE)),0,1) -> 1 | S66: =IF(ISERROR(VLOOKUP($G66,Stage2EnergyNTopology!$E$1:$E$224,1,FALSE)),0,1) -> 1
A67: coremof | B67: 2017[Ag][sqc]2[ASR]1 | C67: 0.060389542 | D67: 1.9849288 | E67: 1.3810334 | F67: 0.43102617 | G67: Ag | H67: 2 | I67: sqc | J67: 1.11653 | K67: 9.25829 | L67: 10.88694 | M67: 3121.04 | N67: 0.6651 | O67: 0.595683 | R67: =IF(ISERROR(VLOOKUP(G67,Stage2EnergyNTopology!$D$1:$D$224,1,FALSE)),0,1) -> 1 | S67: =IF(ISERROR(VLOOKUP($G67,Stage2EnergyNTopology!$E$1:$E$224,1,FALSE)),0,1) -> 1
A68: coremof | B68: 2018[Zr][nan]3[ASR]2 | C68: 0.061737099 | D68: 1.83269 | E68: 1.215319 | F68: 0.43040135 | G68: Zr | H68: 2 | I68: nan | J68: 0.833978 | K68: 5.34156 | L68: 13.22909 | M68: 3492.44 | N68: 0.6897 | O68: 0.827 | R68: =IF(ISERROR(VLOOKUP(G68,Stage2EnergyNTopology!$D$1:$D$224,1,FALSE)),0,1) -> 1 | S68: =IF(ISERROR(VLOOKUP($G68,Stage2EnergyNTopology!$E$1:$E$224,1,FALSE)),0,1) -> 1
A69: FSR | B69: 2018[Co][nan]3[FSR]5 | C69: 0.035408346 | E69: 1.3223749 | F69: 0.43016818 | G69: Co | H69: 2 | I69: nan | J69: 1.18386 | K69: 9.96065 | L69: 11.06314 | M69: 2503.19 | N69: 0.64228 | O69: 0.542532 | R69: =IF(ISERROR(VLOOKUP(G69,Stage2EnergyNTopology!$D$1:$D$224,1,FALSE)),0,1) -> 1 | S69: =IF(ISERROR(VLOOKUP($G69,Stage2EnergyNTopology!$E$1:$E$224,1,FALSE)),0,1) -> 1
A70: FSR | B70: 2018[Co][nan]3[FSR]4 | C70: 0.034933359 | E70: 1.3208129 | F70: 0.43007682 | G70: Co | H70: 2 | I70: nan | J70: 1.18395 | K70: 9.96153 | L70: 11.0634 | M70: 2499.18 | N70: 0.64226 | O70: 0.542472 | R70: =IF(ISERROR(VLOOKUP(G70,Stage2EnergyNTopology!$D$1:$D$224,1,FALSE)),0,1) -> 1 | S70: =IF(ISERROR(VLOOKUP($G70,Stage2EnergyNTopology!$E$1:$E$224,1,FALSE)),0,1) -> 1
A71: FSR | B71: 2019[Zn][nan]3[FSR]9 | C71: 0.038538387 | E71: 1.170907 | F71: 0.43003916 | G71: Zn | H71: 2 | I71: nan | J71: 0.956305 | K71: 9.7296 | L71: 11.76139 | M71: 3591.85 | N71: 0.68064 | O71: 0.711739 | R71: =IF(ISERROR(VLOOKUP(G71,Stage2EnergyNTopology!$D$1:$D$224,1,FALSE)),0,1) -> 1 | S71: =IF(ISERROR(VLOOKUP($G71,Stage2EnergyNTopology!$E$1:$E$224,1,FALSE)),0,1) -> 1
A72: FSR | B72: 2018[Co][nan]3[FSR]7 | C72: 0.035023488 | E72: 1.321092 | F72: 0.43000621 | G72: Co | H72: 2 | I72: nan | J72: 1.18395 | K72: 9.95624 | L72: 11.06071 | M72: 2499.46 | N72: 0.6423 | O72: 0.542506 | R72: =IF(ISERROR(VLOOKUP(G72,Stage2EnergyNTopology!$D$1:$D$224,1,FALSE)),0,1) -> 1 | S72: =IF(ISERROR(VLOOKUP($G72,Stage2EnergyNTopology!$E$1:$E$224,1,FALSE)),0,1) -> 1
A73: coremof | B73: 2018[Co][nan]3[ASR]9 | C73: 0.038770919 | D73: 1.6991277 | E73: 1.3114185 | F73: 0.4297223 | G73: Co | H73: 2 | I73: nan | J73: 1.18539 | K73: 9.94509 | L73: 10.96437 | M73: 2479.68 | N73: 0.6273 | O73: 0.529194 | R73: =IF(ISERROR(VLOOKUP(G73,Stage2EnergyNTopology!$D$1:$D$224,1,FALSE)),0,1) -> 1 | S73: =IF(ISERROR(VLOOKUP($G73,Stage2EnergyNTopology!$E$1:$E$224,1,FALSE)),0,1) -> 1
A74: coremof | B74: 2018[Zr][nan]3[ASR]1 | C74: 0.0638779 | D74: 1.8293833 | E74: 1.1906043 | F74: 0.42972052 | G74: Zr | H74: 2 | I74: nan | J74: 0.847475 | K74: 5.25872 | L74: 12.90854 | M74: 3510.67 | N74: 0.6856 | O74: 0.808991 | R74: =IF(ISERROR(VLOOKUP(G74,Stage2EnergyNTopology!$D$1:$D$224,1,FALSE)),0,1) -> 1 | S74: =IF(ISERROR(VLOOKUP($G74,Stage2EnergyNTopology!$E$1:$E$224,1,FALSE)),0,1) -> 1
A75: coremof | B75: 2020[Zr][sod]3[ASR]1 | C75: -0.3764418 | D75: -3.7408283 | E75: 0.023589699 | F75: 0.42971691 | G75: Zr | H75: 2 | I75: sod | J75: 0.345229 | K75: 21.21992 | L75: 38.91559 | M75: 4317.51 | N75: 0.8606 | O75: 2.49284 | R75: =IF(ISERROR(VLOOKUP(G75,Stage2EnergyNTopology!$D$1:$D$224,1,FALSE)),0,1) -> 1 | S75: =IF(ISERROR(VLOOKUP($G75,Stage2EnergyNTopology!$E$1:$E$224,1,FALSE)),0,1) -> 1
A76: FSR | B76: 2017[Co][nan]3[FSR]13 | C76: 0.033752768 | E76: 1.3089123 | F76: 0.42924127 | G76: Co | H76: 2 | I76: nan | J76: 1.19054 | K76: 9.9543 | L76: 10.9968 | M76: 2470.22 | N76: 0.63626 | O76: 0.534428 | R76: =IF(ISERROR(VLOOKUP(G76,Stage2EnergyNTopology!$D$1:$D$224,1,FALSE)),0,1) -> 1 | S76: =IF(ISERROR(VLOOKUP($G76,Stage2EnergyNTopology!$E$1:$E$224,1,FALSE)),0,1) -> 1
A77: coremof | B77: 2018[Co][nan]3[ASR]4 | C77: 0.031166835 | D77: 1.6305345 | E77: 1.3188661 | F77: 0.42893939 | G77: Co | H77: 2 | I77: nan | J77: 1.18395 | K77: 9.96153 | L77: 11.0634 | M77: 2494.01 | N77: 0.6482 | O77: 0.547489 | R77: =IF(ISERROR(VLOOKUP(G77,Stage2EnergyNTopology!$D$1:$D$224,1,FALSE)),0,1) -> 1 | S77: =IF(ISERROR(VLOOKUP($G77,Stage2EnergyNTopology!$E$1:$E$224,1,FALSE)),0,1) -> 1
A78: coremof | B78: 2018[Co][nan]3[ASR]7 | C78: 0.031439383 | D78: 1.6337237 | E78: 1.3193299 | F78: 0.42892409 | G78: Co | H78: 2 | I78: nan | J78: 1.18395 | K78: 9.95624 | L78: 11.06071 | M78: 2494.74 | N78: 0.648 | O78: 0.547321 | R78: =IF(ISERROR(VLOOKUP(G78,Stage2EnergyNTopology!$D$1:$D$224,1,FALSE)),0,1) -> 1 | S78: =IF(ISERROR(VLOOKUP($G78,Stage2EnergyNTopology!$E$1:$E$224,1,FALSE)),0,1) -> 1
A79: FSR | B79: 2018[Co][nan]3[FSR]3 | C79: 0.037790238 | E79: 1.324302 | F79: 0.42888611 | G79: Co | H79: 2 | I79: nan | J79: 1.18457 | K79: 9.86058 | L79: 10.9929 | M79: 2500.7 | N79: 0.63944 | O79: 0.53981 | R79: =IF(ISERROR(VLOOKUP(G79,Stage2EnergyNTopology!$D$1:$D$224,1,FALSE)),0,1) -> 1 | S79: =IF(ISERROR(VLOOKUP($G79,Stage2EnergyNTopology!$E$1:$E$224,1,FALSE)),0,1) -> 1
A80: FSR | B80: 2018[Co][nan]3[FSR]10 | C80: 0.034867512 | E80: 1.3128611 | F80: 0.42888405 | G80: Co | H80: 2 | I80: nan | J80: 1.18539 | K80: 9.94509 | L80: 10.96437 | M80: 2479.5 | N80: 0.6361 | O80: 0.536617 | R80: =IF(ISERROR(VLOOKUP(G80,Stage2EnergyNTopology!$D$1:$D$224,1,FALSE)),0,1) -> 1 | S80: =IF(ISERROR(VLOOKUP($G80,Stage2EnergyNTopology!$E$1:$E$224,1,FALSE)),0,1) -> 1
A81: coremof | B81: 2018[Co][nan]3[ASR]5 | C81: 0.030602192 | D81: 1.6230074 | E81: 1.3169855 | F81: 0.42880523 | G81: Co | H81: 2 | I81: nan | J81: 1.18386 | K81: 9.96065 | L81: 11.06314 | M81: 2489.21 | N81: 0.6482 | O81: 0.547533 | R81: =IF(ISERROR(VLOOKUP(G81,Stage2EnergyNTopology!$D$1:$D$224,1,FALSE)),0,1) -> 1 | S81: =IF(ISERROR(VLOOKUP($G81,Stage2EnergyNTopology!$E$1:$E$224,1,FALSE)),0,1) -> 1
A82: coremof | B82: 2017[Co][nan]3[ASR]14 | C82: 0.032207581 | D82: 1.6368635 | E82: 1.3147877 | F82: 0.42872179 | G82: Co | H82: 2 | I82: nan | J82: 1.19054 | K82: 9.9543 | L82: 10.9968 | M82: 2483.93 | N82: 0.6428 | O82: 0.539921 | R82: =IF(ISERROR(VLOOKUP(G82,Stage2EnergyNTopology!$D$1:$D$224,1,FALSE)),0,1) -> 1 | S82: =IF(ISERROR(VLOOKUP($G82,Stage2EnergyNTopology!$E$1:$E$224,1,FALSE)),0,1) -> 1
A83: coremof | B83: 2019[Zn][nan]3[ASR]11 | C83: 0.036621118 | D83: 1.542976 | E83: 1.1767648 | F83: 0.42844237 | G83: Zn | H83: 2 | I83: nan | J83: 0.956305 | K83: 9.7296 | L83: 11.76139 | M83: 3591.2 | N83: 0.6843 | O83: 0.715566 | R83: =IF(ISERROR(VLOOKUP(G83,Stage2EnergyNTopology!$D$1:$D$224,1,FALSE)),0,1) -> 1 | S83: =IF(ISERROR(VLOOKUP($G83,Stage2EnergyNTopology!$E$1:$E$224,1,FALSE)),0,1) -> 1
A84: coremof | B84: 0000[U][bcu]3[ASR]1 | C84: -0.10798263 | D84: 0.031497827 | E84: 1.1113242 | F84: 0.4282024 | G84: U | H84: 1 | I84: bcu | J84: 0.909255 | K84: 14.13895 | L84: 15.22231 | M84: 2554.96 | N84: 0.7755 | O84: 0.852896 | R84: =IF(ISERROR(VLOOKUP(G84,Stage2EnergyNTopology!$D$1:$D$224,1,FALSE)),0,1) -> 0 | S84: =IF(ISERROR(VLOOKUP($G84,Stage2EnergyNTopology!$E$1:$E$224,1,FALSE)),0,1) -> 1 | T84: Yes
A85: coremof | B85: 2018[Co][nan]3[ASR]3 | C85: 0.033189241 | D85: 1.6505646 | E85: 1.3186722 | F85: 0.42769384 | G85: Co | H85: 2 | I85: nan | J85: 1.18457 | K85: 9.86058 | L85: 10.9929 | M85: 2485.51 | N85: 0.6448 | O85: 0.544334 | R85: =IF(ISERROR(VLOOKUP(G85,Stage2EnergyNTopology!$D$1:$D$224,1,FALSE)),0,1) -> 1 | S85: =IF(ISERROR(VLOOKUP($G85,Stage2EnergyNTopology!$E$1:$E$224,1,FALSE)),0,1) -> 1
A86: FSR | B86: 2020[Zr][sod]3[FSR]1 | C86: -0.36827812 | E86: 0.036766835 | F86: 0.42640877 | G86: Zr | H86: 2 | I86: sod | J86: 0.345229 | K86: 21.21992 | L86: 38.91559 | M86: 4319.33 | N86: 0.85526 | O86: 2.47737 | R86: =IF(ISERROR(VLOOKUP(G86,Stage2EnergyNTopology!$D$1:$D$224,1,FALSE)),0,1) -> 1 | S86: =IF(ISERROR(VLOOKUP($G86,Stage2EnergyNTopology!$E$1:$E$224,1,FALSE)),0,1) -> 1
A87: coremof | B87: 2001[Cu][nan]3[ASR]3 | C87: -0.022447808 | D87: 0.40339175 | E87: 0.62786983 | F87: 0.4263244 | G87: Cu | H87: 2 | I87: nan | J87: 0.720658 | K87: 5.14847 | L87: 17.01761 | M87: 4414.67 | N87: 0.7063 | O87: 0.980076 | R87: =IF(ISERROR(VLOOKUP(G87,Stage2EnergyNTopology!$D$1:$D$224,1,FALSE)),0,1) -> 1 | S87: =IF(ISERROR(VLOOKUP($G87,Stage2EnergyNTopology!$E$1:$E$224,1,FALSE)),0,1) -> 1
A88: coremof | B88: 2020[Ni][nan]3[ASR]3 | C88: -0.060293706 | D88: 0.024316383 | E88: 0.62725344 | F88: 0.42580374 | G88: Ni | H88: 2 | I88: nan | J88: 0.676112 | K88: 4.60513 | L88: 18.13404 | M88: 4431.84 | N88: 0.7196 | O88: 1.06432 | R88: =IF(ISERROR(VLOOKUP(G88,Stage2EnergyNTopology!$D$1:$D$224,1,FALSE)),0,1) -> 1 | S88: =IF(ISERROR(VLOOKUP($G88,Stage2EnergyNTopology!$E$1:$E$224,1,FALSE)),0,1) -> 1
A89: FSR | B89: 2020[Ni][nan]3[FSR]3 | C89: -0.062150771 | E89: 0.62640367 | F89: 0.42532382 | G89: Ni | H89: 2 | I89: nan | J89: 0.676112 | K89: 4.60513 | L89: 18.13404 | M89: 4436.08 | N89: 0.72102 | O89: 1.06642 | R89: =IF(ISERROR(VLOOKUP(G89,Stage2EnergyNTopology!$D$1:$D$224,1,FALSE)),0,1) -> 1 | S89: =IF(ISERROR(VLOOKUP($G89,Stage2EnergyNTopology!$E$1:$E$224,1,FALSE)),0,1) -> 1
A90: coremof | B90: 2023[Mn][nan]3[ASR]1 | C90: -0.002944918 | D90: 1.3078099 | E90: 1.3372591 | F90: 0.42413506 | G90: Mn | H90: 2 | I90: nan | J90: 0.84824 | K90: 12.38999 | L90: 12.59668 | M90: 3096.41 | N90: 0.7047 | O90: 0.830779 | R90: =IF(ISERROR(VLOOKUP(G90,Stage2EnergyNTopology!$D$1:$D$224,1,FALSE)),0,1) -> 0 | S90: =IF(ISERROR(VLOOKUP($G90,Stage2EnergyNTopology!$E$1:$E$224,1,FALSE)),0,1) -> 1
A91: FSR | B91: 2017[Cu][nan]3[FSR]7 | C91: 0.01301727 | E91: 0.96388005 | F91: 0.42343193 | G91: Cu | H91: 2 | I91: nan | J91: 0.781335 | K91: 4.83732 | L91: 15.46971 | M91: 3922.16 | N91: 0.72522 | O91: 0.92818 | R91: =IF(ISERROR(VLOOKUP(G91,Stage2EnergyNTopology!$D$1:$D$224,1,FALSE)),0,1) -> 1 | S91: =IF(ISERROR(VLOOKUP($G91,Stage2EnergyNTopology!$E$1:$E$224,1,FALSE)),0,1) -> 1
A92: FSR | B92: 2017[Cu][nan]3[FSR]4 | C92: 0.017541314 | E92: 0.72305261 | F92: 0.42211909 | G92: Cu | H92: 2 | I92: nan | J92: 1.02953 | K92: 9.30306 | L92: 11.01739 | M92: 4029.43 | N92: 0.65352 | O92: 0.634777 | R92: =IF(ISERROR(VLOOKUP(G92,Stage2EnergyNTopology!$D$1:$D$224,1,FALSE)),0,1) -> 1 | S92: =IF(ISERROR(VLOOKUP($G92,Stage2EnergyNTopology!$E$1:$E$224,1,FALSE)),0,1) -> 1
A93: coremof | B93: 2017[Fe][kag]3[ASR]1 | C93: -0.081690742 | D93: -0.01273557 | E93: 0.80417185 | F93: 0.42192314 | G93: Fe | H93: 2 | I93: kag | J93: 0.799776 | K93: 13.61044 | L93: 15.13602 | M93: 4155.09 | N93: 0.674 | O93: 0.842736 | R93: =IF(ISERROR(VLOOKUP(G93,Stage2EnergyNTopology!$D$1:$D$224,1,FALSE)),0,1) -> 0 | S93: =IF(ISERROR(VLOOKUP($G93,Stage2EnergyNTopology!$E$1:$E$224,1,FALSE)),0,1) -> 1
A94: coremof | B94: 2017[Cu][nan]3[ASR]4 | C94: 0.015321564 | D94: 0.88646473 | E94: 0.73324909 | F94: 0.42177219 | G94: Cu | H94: 2 | I94: nan | J94: 1.02953 | K94: 9.30306 | L94: 11.01739 | M94: 4032.58 | N94: 0.6578 | O94: 0.638934 | R94: =IF(ISERROR(VLOOKUP(G94,Stage2EnergyNTopology!$D$1:$D$224,1,FALSE)),0,1) -> 1 | S94: =IF(ISERROR(VLOOKUP($G94,Stage2EnergyNTopology!$E$1:$E$224,1,FALSE)),0,1) -> 1
A95: coremof | B95: 2021[Ag][nan]3[ASR]1 | C95: 0.068668003 | D95: 1.9874152 | E95: 1.3007351 | F95: 0.42146508 | G95: Ag | H95: 2 | I95: nan | J95: 1.38549 | K95: 8.74983 | L95: 9.77195 | M95: 3114.85 | N95: 0.6202 | O95: 0.44764 | R95: =IF(ISERROR(VLOOKUP(G95,Stage2EnergyNTopology!$D$1:$D$224,1,FALSE)),0,1) -> 1 | S95: =IF(ISERROR(VLOOKUP($G95,Stage2EnergyNTopology!$E$1:$E$224,1,FALSE)),0,1) -> 1
A96: FSR | B96: 2021[Ag][nan]3[FSR]1 | C96: 0.068712443 | E96: 1.2997987 | F96: 0.42145796 | G96: Ag | H96: 2 | I96: nan | J96: 1.38549 | K96: 8.74983 | L96: 9.77195 | M96: 3116.11 | N96: 0.62 | O96: 0.447495 | R96: =IF(ISERROR(VLOOKUP(G96,Stage2EnergyNTopology!$D$1:$D$224,1,FALSE)),0,1) -> 1 | S96: =IF(ISERROR(VLOOKUP($G96,Stage2EnergyNTopology!$E$1:$E$224,1,FALSE)),0,1) -> 1
A97: FSR | B97: 2017[Fe][kag]3[FSR]1 | C97: -0.08113433 | E97: 0.80824669 | F97: 0.42117626 | G97: Fe | H97: 2 | I97: kag | J97: 0.799776 | K97: 13.61044 | L97: 15.13602 | M97: 4152.45 | N97: 0.67564 | O97: 0.844787 | R97: =IF(ISERROR(VLOOKUP(G97,Stage2EnergyNTopology!$D$1:$D$224,1,FALSE)),0,1) -> 0 | S97: =IF(ISERROR(VLOOKUP($G97,Stage2EnergyNTopology!$E$1:$E$224,1,FALSE)),0,1) -> 1
A98: coremof | B98: 2020[Cd][sod]3[ASR]1 | C98: -0.016662029 | D98: 0.51991784 | E98: 0.68653813 | F98: 0.42100548 | G98: Cd | H98: 2 | I98: sod | J98: 0.834782 | K98: 10.12509 | L98: 14.17223 | M98: 4303.62 | N98: 0.6791 | O98: 0.813505 | R98: =IF(ISERROR(VLOOKUP(G98,Stage2EnergyNTopology!$D$1:$D$224,1,FALSE)),0,1) -> 0 | S98: =IF(ISERROR(VLOOKUP($G98,Stage2EnergyNTopology!$E$1:$E$224,1,FALSE)),0,1) -> 1
A99: FSR | B99: 2017[Ag][sqc]3[FSR]1 | C99: 0.070745728 | E99: 1.385225 | F99: 0.42009389 | G99: Ag | H99: 2 | I99: sqc | J99: 1.14094 | K99: 8.15582 | L99: 10.30618 | M99: 3098.69 | N99: 0.66166 | O99: 0.579924 | R99: =IF(ISERROR(VLOOKUP(G99,Stage2EnergyNTopology!$D$1:$D$224,1,FALSE)),0,1) -> 1 | S99: =IF(ISERROR(VLOOKUP($G99,Stage2EnergyNTopology!$E$1:$E$224,1,FALSE)),0,1) -> 1
A100: coremof | B100: 2023[Eu][nan]3[ASR]1 | C100: 0.023408566 | D100: 0.7908526 | E100: 0.55676694 | F100: 0.41972874 | G100: Eu | H100: 2 | I100: nan | J100: 1.00282 | K100: 9.61262 | L100: 11.19496 | M100: 4055.78 | N100: 0.6069 | O100: 0.605195 | R100: =IF(ISERROR(VLOOKUP(G100,Stage2EnergyNTopology!$D$1:$D$224,1,FALSE)),0,1) -> 1 | S100: =IF(ISERROR(VLOOKUP($G100,Stage2EnergyNTopology!$E$1:$E$224,1,FALSE)),0,1) -> 1
...

Sheet Sheet4
A1: Name | B1: 1st | C1: 2nd
A2: SiZr | B2: Si | C2: Zr | D2: =VLOOKUP(B2,Stage2EnergyNTopology!E:E,1,FALSE) -> #N/A | E2: =VLOOKUP(C2,Stage2EnergyNTopology!E:E,1,FALSE) -> Zr | G2: Si | I2: Zr
A3: CuSi | B3: Cu | C3: Si | D3: =VLOOKUP(B3,Stage2EnergyNTopology!E:E,1,FALSE) -> Cu | E3: =VLOOKUP(C3,Stage2EnergyNTopology!E:E,1,FALSE) -> #N/A | G3: Cu | I3: Si
A4: TbIn | B4: Tb | C4: In | D4: =VLOOKUP(B4,Stage2EnergyNTopology!E:E,1,FALSE) -> Tb | E4: =VLOOKUP(C4,Stage2EnergyNTopology!E:E,1,FALSE) -> In | G4: Tb | I4: In
A5: InTb | B5: In | C5: Tb | D5: =VLOOKUP(B5,Stage2EnergyNTopology!E:E,1,FALSE) -> In | E5: =VLOOKUP(C5,Stage2EnergyNTopology!E:E,1,FALSE) -> Tb | G5: In | I5: Tb
A6: CoMn | B6: Co | C6: Mn | D6: =VLOOKUP(B6,Stage2EnergyNTopology!E:E,1,FALSE) -> Co | E6: =VLOOKUP(C6,Stage2EnergyNTopology!E:E,1,FALSE) -> Mn | G6: Co | I6: Mn
A7: CuGd | B7: Cu | C7: Gd | D7: =VLOOKUP(B7,Stage2EnergyNTopology!E:E,1,FALSE) -> Cu | E7: =VLOOKUP(C7,Stage2EnergyNTopology!E:E,1,FALSE) -> Gd | G7: Ni | I7: Gd
A8: NiZr | B8: Ni | C8: Zr | D8: =VLOOKUP(B8,Stage2EnergyNTopology!E:E,1,FALSE) -> Ni | E8: =VLOOKUP(C8,Stage2EnergyNTopology!E:E,1,FALSE) -> Zr | G8: Pr | I8: Eu
A9: CuEu | B9: Cu | C9: Eu | D9: =VLOOKUP(B9,Stage2EnergyNTopology!E:E,1,FALSE) -> Cu | E9: =VLOOKUP(C9,Stage2EnergyNTopology!E:E,1,FALSE) -> Eu | G9: Ce | I9: Pr
A10: CoPr | B10: Co | C10: Pr | D10: =VLOOKUP(B10,Stage2EnergyNTopology!E:E,1,FALSE) -> Co | E10: =VLOOKUP(C10,Stage2EnergyNTopology!E:E,1,FALSE) -> Pr | G10: Ga | I10: Co
A11: PrCo | B11: Pr | C11: Co | D11: =VLOOKUP(B11,Stage2EnergyNTopology!E:E,1,FALSE) -> Pr | E11: =VLOOKUP(C11,Stage2EnergyNTopology!E:E,1,FALSE) -> Co | G11: Dy | I11: Ce
A12: CoCe | B12: Co | C12: Ce | D12: =VLOOKUP(B12,Stage2EnergyNTopology!E:E,1,FALSE) -> Co | E12: =VLOOKUP(C12,Stage2EnergyNTopology!E:E,1,FALSE) -> Ce | G12: Ho | I12: Cu
A13: CeCo | B13: Ce | C13: Co | D13: =VLOOKUP(B13,Stage2EnergyNTopology!E:E,1,FALSE) -> Ce | E13: =VLOOKUP(C13,Stage2EnergyNTopology!E:E,1,FALSE) -> Co | G13: Cd | I13: Ni
A14: GaCu | B14: Ga | C14: Cu | D14: =VLOOKUP(B14,Stage2EnergyNTopology!E:E,1,FALSE) -> Ga | E14: =VLOOKUP(C14,Stage2EnergyNTopology!E:E,1,FALSE) -> Cu | G14: Er | I14: Mg
A15: GaNi | B15: Ga | C15: Ni | D15: =VLOOKUP(B15,Stage2EnergyNTopology!E:E,1,FALSE) -> Ga | E15: =VLOOKUP(C15,Stage2EnergyNTopology!E:E,1,FALSE) -> Ni | I15: Cd
A16: CuZr | B16: Cu | C16: Zr | D16: =VLOOKUP(B16,Stage2EnergyNTopology!E:E,1,FALSE) -> Cu | E16: =VLOOKUP(C16,Stage2EnergyNTopology!E:E,1,FALSE) -> Zr | I16: Tm
A17: CoMg | B17: Co | C17: Mg | D17: =VLOOKUP(B17,Stage2EnergyNTopology!E:E,1,FALSE) -> Co | E17: =VLOOKUP(C17,Stage2EnergyNTopology!E:E,1,FALSE) -> Mg
A18: DyCo | B18: Dy | C18: Co | D18: =VLOOKUP(B18,Stage2EnergyNTopology!E:E,1,FALSE) -> Dy | E18: =VLOOKUP(C18,Stage2EnergyNTopology!E:E,1,FALSE) -> Co
A19: CuCd | B19: Cu | C19: Cd | D19: =VLOOKUP(B19,Stage2EnergyNTopology!E:E,1,FALSE) -> Cu | E19: =VLOOKUP(C19,Stage2EnergyNTopology!E:E,1,FALSE) -> Cd
A20: HoCo | B20: Ho | C20: Co | D20: =VLOOKUP(B20,Stage2EnergyNTopology!E:E,1,FALSE) -> Ho | E20: =VLOOKUP(C20,Stage2EnergyNTopology!E:E,1,FALSE) -> Co
A21: CdSi | B21: Cd | C21: Si | D21: =VLOOKUP(B21,Stage2EnergyNTopology!E:E,1,FALSE) -> Cd | E21: =VLOOKUP(C21,Stage2EnergyNTopology!E:E,1,FALSE) -> #N/A
A22: CoTm | B22: Co | C22: Tm | D22: =VLOOKUP(B22,Stage2EnergyNTopology!E:E,1,FALSE) -> Co | E22: =VLOOKUP(C22,Stage2EnergyNTopology!E:E,1,FALSE) -> Tm
A23: ErCo | B23: Er | C23: Co | D23: =VLOOKUP(B23,Stage2EnergyNTopology!E:E,1,FALSE) -> Er | E23: =VLOOKUP(C23,Stage2EnergyNTopology!E:E,1,FALSE) -> Co
